,Papel,Cotação,P/L,P/VP,PSR,Div.Yield,P/Ativo,P/Cap.Giro,P/EBIT,P/Ativ Circ.Liq,EV/EBIT,EV/EBITDA,Mrg Ebit,Mrg. Líq.,Liq. Corr.,ROIC,ROE,Liq.2meses,Patrim. Líq,Dív.Brut/ Patrim.,Cresc. Rec.5a,Mrg Ebitd
0,PETR3,22.76,-8.73,1.22,10.76,0.0192,0.292,5.14,3.47,-0.52,8.04,4.57,0.3096,-0.1274,1.4,0.0966,-0.14,340388000.0,242766000000.0,2.06,-0.0008,0.3096
1,PETR4,22.22,-8.53,1.19,10.5,0.0279,0.286,5.02,3.39,-0.51,7.96,4.52,0.3096,-0.1274,1.4,0.0966,-0.14,1323950000.0,242766000000.0,2.06,-0.0008,0.3096
2,RPMG3,3.03,-1.39,-0.07,3.92,0.0,0.077,-0.08,-3.72,-0.07,-3.72,-3.72,-0.1054,-0.2811,0.49,-0.021,0.0512,357132.0,-2875230000.0,0.0,-0.0256,-0.1054
3,DMMO3,1.27,-0.49,-0.32,9.56,0.0,0.284,-0.69,-3.38,-0.17,-8.97,-22.91,-0.2831,-1.9413,0.29,-0.1201,0.6595,6088180.0,-1055770000.0,-0.61,0.0336,-0.2831
4,OSXB3,4.4,-0.03,0.0,12.89,0.0,0.007,-0.03,-1.32,0.0,-422.84,-426.67,-0.9747,-49.0786,0.03,-0.0059,0.1083,57102.3,-4737600000.0,-0.93,-0.4868,-0.9747
5,ENAT3,12.17,9.28,1.11,25.78,0.09390000000000001,0.702,2.33,10.17,14.02,5.88,2.15,0.2535,0.2779,3.55,0.1103,0.1198,20092700.0,2910700000.0,0.08,0.2898,0.2535
6,PRIO3,43.83,13.45,2.46,42.49,0.0,0.952,158.38,36.07,-2.37,50.2,9.03,0.1178,0.3158,1.03,0.0285,0.1827,135153000.0,2580170000.0,1.1,0.5108,0.1178
7,BRDT3,21.73,13.65,2.58,2.99,0.0444,0.915,3.22,23.33,-6.47,26.94,17.94,0.0128,0.0219,2.29,0.0515,0.1889,148971000.0,9813000000.0,0.94,-0.0367,0.0128
8,MMXM3,1.75,-0.06,-0.01,223.07,0.0,0.091,-0.01,-0.11,-0.01,-2.47,-2.47,-200.517,-358.053,0.03,-1.3955,0.227,40960.2,-800741000.0,-0.3,0.0946,-200.517
9,AURA32,65.0,0.0,0.0,0.0,0.0,0.0,0.0,0.0,0.0,0.0,0.0,0.0,0.0,1.2,0.0,0.0,6599850.0,992383000.0,0.39,0.0,0.0
10,VALE3,61.75,50.93,1.75,21.28,0.0229,0.717,6.51,5.15,-1.99,5.7,4.56,0.4135,0.0247,1.82,0.1701,0.0343,1763570000.0,186959000000.0,0.54,0.1497,0.4135
11,CSNA3,14.61,-21.03,4.88,8.42,0.021099999999999997,0.369,5.69,4.78,-0.61,11.99,8.53,0.1763,-0.025,1.29,0.0952,-0.2321,163346000.0,4153210000.0,8.91,0.1278,0.1763
12,USIM3,10.2,-14.07,0.94,9.16,0.0039000000000000003,0.476,1.99,16.27,-5.82,21.0,9.19,0.0563,-0.0494,3.14,0.0338,-0.0669,1873660.0,13572200000.0,0.46,0.1439,0.0563
13,USIM5,9.74,-13.44,0.9,8.75,0.0045000000000000005,0.455,1.9,15.54,-5.56,20.27,8.87,0.0563,-0.0494,3.14,0.0338,-0.0669,169652000.0,13572200000.0,0.46,0.1439,0.0563
14,USIM6,9.36,-12.91,0.86,8.4,0.0046,0.437,1.82,14.93,-5.34,19.66,8.61,0.0563,-0.0494,3.14,0.0338,-0.0669,349.51,13572200000.0,0.46,0.1439,0.0563
15,PMAM3,11.43,-0.53,-2.49,1.11,0.0,0.129,-0.23,-2.33,-0.2,-15.12,-48.33,-0.0475,-0.2084,0.42,-0.0667,4.6879,2186020.0,-199495000.0,-14.98,0.0044,-0.0475
16,MGEL4,5.62,-0.36,-0.07,0.56,0.0,0.083,0.29,0.53,-0.05,11.86,9.12,0.1072,-0.1658,2.23,0.2117,0.1981,71280.7,-461467000.0,-1.65,0.0734,0.1072
17,PATI3,22.25,3.86,0.77,3.92,0.008100000000000001,0.345,0.72,8.14,1.51,8.53,7.15,0.0482,0.1017,2.6,0.084,0.2005,105234.0,525461000.0,0.75,0.1507,0.0482
18,PATI4,29.0,5.03,1.01,5.11,0.0483,0.45,0.93,10.61,1.97,11.0,9.22,0.0482,0.1017,2.6,0.084,0.2005,36323.1,525461000.0,0.75,0.1507,0.0482
19,FESA4,17.88,9.61,0.92,11.47,0.0436,0.538,4.39,10.23,-4.9,12.33,5.54,0.1121,0.1196,1.68,0.0596,0.0958,4058320.0,1715960000.0,0.35,0.0791,0.1121
20,TKNO4,39.08,10.15,0.63,7.44,0.0092,0.528,1.33,12.3,1.5,9.39,5.67,0.0604,0.0732,4.37,0.0534,0.0622,642.98,182419000.0,0.02,0.1039,0.0604
21,FESA3,26.05,14.0,1.34,16.71,0.027200000000000002,0.784,6.39,14.91,-7.14,17.01,7.64,0.1121,0.1196,1.68,0.0596,0.0958,4640.02,1715960000.0,0.35,0.0791,0.1121
22,GOAU3,7.86,25.81,0.77,2.28,0.0051,0.136,0.73,4.65,-0.81,12.49,5.67,0.0491,0.0246,2.15,0.0352,0.0297,822664.0,11138400000.0,1.88,-0.0035,0.0491
23,GOAU4,8.89,29.19,0.87,2.58,0.0045000000000000005,0.154,0.83,5.26,-0.92,13.1,5.95,0.0491,0.0246,2.15,0.0352,0.0297,122758000.0,11138400000.0,1.88,-0.0035,0.0491
24,GGBR3,16.3,30.56,0.93,7.49,0.0043,0.448,2.42,15.17,-2.65,22.99,10.46,0.0493,0.0248,2.14,0.0354,0.0305,2068340.0,30051600000.0,0.7,-0.0035,0.0493
25,GGBR4,19.54,36.64,1.12,8.98,0.0036,0.537,2.9,18.19,-3.18,26.0,11.84,0.0493,0.0248,2.14,0.0354,0.0305,270107000.0,30051600000.0,0.7,-0.0035,0.0493
26,BRKM3,23.28,-1.79,-5.49,3.73,0.036000000000000004,0.219,1.88,11.36,-0.32,29.66,8.85,0.0328,-0.218,1.46,0.028,3.0676,409662.0,-3380230000.0,-14.09,0.0192,0.0328
27,BRKM5,22.71,-1.75,-5.36,3.63,0.0369,0.214,1.83,11.08,-0.31,29.38,8.76,0.0328,-0.218,1.46,0.028,3.0676,62269300.0,-3380230000.0,-14.09,0.0192,0.0328
28,BRKM6,18.0,-1.38,-4.25,2.88,0.0337,0.17,1.45,8.78,-0.25,27.08,8.08,0.0328,-0.218,1.46,0.028,3.0676,304.84,-3380230000.0,-14.09,0.0192,0.0328
29,FHER3,2.92,0.29,-0.91,1.1,0.0,0.101,0.85,-1.94,-0.16,-3.41,-5.36,-0.0565,0.3767,1.35,-0.0647,-3.1092,420291.0,-173608000.0,-0.82,-0.2967,-0.0565
30,NUTR3,160.01,0.56,1.5,2.98,0.0,0.342,1.67,-34.71,-1.28,-48.52,-314.59,-0.0086,0.534,1.68,-0.0119,2.6891,154144.0,13630000.0,0.64,0.2168,-0.0086
31,CRPG5,20.85,5.98,1.0,11.77,0.0067,0.718,1.07,9.82,1.41,7.96,5.73,0.1198,0.1969,6.48,0.0885,0.1673,148226.0,605213000.0,0.01,0.1664,0.1198
32,CRPG6,21.55,6.18,1.03,12.16,0.006500000000000001,0.742,1.11,10.15,1.46,8.29,5.96,0.1198,0.1969,6.48,0.0885,0.1673,15353.7,605213000.0,0.01,0.1664,0.1198
33,CRPG3,24.1,6.91,1.16,13.6,0.0,0.83,1.24,11.35,1.63,9.49,6.83,0.1198,0.1969,6.48,0.0885,0.1673,3815.12,605213000.0,0.01,0.1664,0.1198
34,GPCP3,57.5,12.79,1.9,4.25,0.0053,0.417,7.02,6.86,-1.08,10.04,7.24,0.0619,0.035,1.19,0.0672,0.1488,1430360.0,189388000.0,1.09,0.2164,0.0619
35,ELEK3,19.11,24.46,2.66,6.19,0.0225,1.067,3.75,52.11,-110.34,65.77,26.15,0.0119,0.0253,1.94,0.0252,0.1087,270.93,226327000.0,0.99,0.0569,0.0119
36,ELEK4,26.0,33.27,3.62,8.42,0.0165,1.452,5.1,70.89,-150.12,84.56,33.61,0.0119,0.0253,1.94,0.0252,0.1087,60.47,226327000.0,0.99,0.0569,0.0119
37,UNIP5,29.51,82.12,2.01,9.2,0.0248,0.687,6.7,9.1,-2.39,9.11,5.58,0.1011,0.0132,1.38,0.1001,0.0245,18202.3,1401020000.0,0.54,0.3453,0.1011
38,UNIP6,29.9,83.2,2.04,9.32,0.0148,0.696,6.79,9.22,-2.42,9.23,5.66,0.1011,0.0132,1.38,0.1001,0.0245,5674020.0,1401020000.0,0.54,0.3453,0.1011
39,UNIP3,35.55,98.92,2.43,11.09,0.0113,0.827,8.07,10.96,-2.87,10.98,6.72,0.1011,0.0132,1.38,0.1001,0.0245,746167.0,1401020000.0,0.54,0.3453,0.1011
40,RANI4,7.39,-69.82,5.13,21.08,0.004,1.209,16.71,12.55,-2.73,17.04,9.61,0.1679,-0.0302,1.29,0.1094,-0.0735,127425.0,369771000.0,2.13,0.0498,0.1679
41,RANI3,4.69,-44.31,3.26,13.38,0.0063,0.767,10.6,7.97,-1.73,12.46,7.02,0.1679,-0.0302,1.29,0.1094,-0.0735,9312910.0,369771000.0,2.13,0.0498,0.1679
42,KLBN3,5.55,-10.99,11.04,28.67,0.0172,0.827,2.58,13.41,-1.59,22.47,10.82,0.2138,-0.2502,5.65,0.0881,-1.0049,1704050.0,2788350000.0,11.0,0.1522,0.2138
43,KLBN11,26.18,-10.37,10.42,27.05,0.0183,0.78,2.43,12.65,-1.5,21.71,10.45,0.2138,-0.2502,5.65,0.0881,-1.0049,137529000.0,2788350000.0,11.0,0.1522,0.2138
44,KLBN4,5.16,-10.22,10.27,26.66,0.018500000000000003,0.769,2.4,12.47,-1.48,21.53,10.36,0.2138,-0.2502,5.65,0.0881,-1.0049,7463830.0,2788350000.0,11.0,0.1522,0.2138
45,MSPA3,49.5,-7.45,0.36,26.28,0.0,0.222,4.59,-8.98,-0.71,-9.68,-16.97,-0.2927,-0.3529,2.74,-0.0256,-0.049,115.12,869463000.0,0.07,-0.2565,-0.2927
46,MSPA4,48.8,-7.34,0.36,25.91,0.0,0.219,4.53,-8.85,-0.7,-9.55,-16.74,-0.2927,-0.3529,2.74,-0.0256,-0.049,924.61,869463000.0,0.07,-0.2565,-0.2927
47,SUZB3,51.76,-3.96,28.28,24.61,0.0,0.649,8.84,14.27,-0.84,28.08,12.8,0.1724,-0.6203,1.57,0.0526,-7.1328,308555000.0,2491440000.0,32.36,0.3046,0.1724
48,EUCA4,6.4,7.13,0.42,3.85,0.0,0.236,-142.32,3.6,-1.54,6.43,6.43,0.1069,0.0467,0.99,0.0701,0.0596,494455.0,1395980000.0,0.35,0.0758,0.1069
49,EUCA3,23.8,26.51,1.58,14.33,0.0,0.878,-529.25,13.4,-5.72,16.22,16.22,0.1069,0.0467,0.99,0.0701,0.0596,196086.0,1395980000.0,0.35,0.0758,0.1069
50,DTEX3,16.3,33.09,2.39,22.54,0.0229,1.028,6.5,33.76,-4.93,40.28,13.27,0.0668,0.0681,1.78,0.0382,0.0722,49811700.0,4721980000.0,0.8,0.0777,0.0668
51,MTIG4,43.11,0.94,0.34,0.75,0.0,0.082,-0.26,-2.33,-0.18,-16.57,517.86,-0.0324,0.0803,0.48,-0.0405,0.3581,1128.66,30881600.0,2.07,0.0097,-0.0324
52,RCSL4,1.46,-34.67,-1.62,57.05,0.0,2.916,-9.22,370.24,-1.2,368.39,141.04,0.0154,-0.165,0.54,0.0082,0.0467,9970420.0,-68396000.0,0.0,1.8553,0.0154
53,TUPY3,17.06,-16.26,1.04,5.84,0.0,0.407,1.44,10.4,-4.57,15.55,6.37,0.0561,-0.0359,2.2,0.0535,-0.0638,16554700.0,2370790000.0,1.05,0.0901,0.0561
54,MYPK3,11.96,-10.26,0.49,2.22,0.0555,0.155,2.39,34.03,-0.53,101.32,10.44,0.0065,-0.0134,1.21,0.0056,-0.0476,30313200.0,3762400000.0,1.34,0.0707,0.0065
55,MWET3,64.14,-3.39,-0.61,7.58,0.0,0.755,-1.04,-11.25,-0.38,-17.43,-28.2,-0.0674,-0.2236,0.25,-0.0821,0.1807,95717.6,-215261000.0,-0.35,0.0836,-0.0674
56,EMBR3,7.31,-1.31,0.34,4.82,0.0,0.096,0.31,30.97,-0.78,87.38,9.7,0.0156,-0.3661,2.07,0.0042,-0.2625,99616000.0,15779800000.0,1.32,-0.1573,0.0156
57,MWET4,6.91,-0.37,-0.07,0.82,0.0,0.081,-0.11,-1.21,-0.04,-7.4,-11.97,-0.0674,-0.2236,0.25,-0.0821,0.1807,849483.0,-215261000.0,-0.35,0.0836,-0.0674
58,PLAS3,4.7,1.84,-0.43,1.61,0.0,0.101,-0.47,-1.05,-0.1,-3.68,12.98,-0.1535,0.0875,0.45,-0.105,-0.2329,25706.3,-136260000.0,-1.23,-0.0144,-0.1535
59,RSUL4,145.93,4.76,14.52,5.25,0.0,0.434,-1.65,3.71,-0.66,3.81,3.09,0.1415,0.1104,0.54,0.1216,3.0514,2787.42,5859000.0,0.72,0.1214,0.1415
60,RAPT3,9.0,16.41,1.78,6.54,0.028999999999999998,0.451,1.22,7.67,-7.66,10.5,7.39,0.0853,0.0477,2.52,0.0938,0.1087,99921.8,1744560000.0,1.91,0.1618,0.0853
61,LEVE3,17.26,18.85,1.7,10.18,0.037000000000000005,0.858,4.1,8.41,21.37,9.11,6.58,0.121,0.0527,1.63,0.1328,0.0903,9035560.0,1300220000.0,0.49,-0.0012,0.121
62,RAPT4,11.21,20.44,2.22,8.15,0.0233,0.561,1.52,9.55,-9.54,12.38,8.72,0.0853,0.0477,2.52,0.0938,0.1087,34452000.0,1744560000.0,1.91,0.1618,0.0853
63,POMO3,2.67,22.87,1.02,6.33,0.038599999999999995,0.435,1.85,11.84,-9.97,17.95,12.48,0.0535,0.0266,1.82,0.0461,0.0448,838291.0,2469380000.0,0.86,0.1481,0.0535
64,POMO4,2.79,23.9,1.07,6.62,0.0369,0.455,1.94,12.37,-10.42,18.48,12.85,0.0535,0.0266,1.82,0.0461,0.0448,28800600.0,2469380000.0,0.86,0.1481,0.0535
65,FRAS3,5.11,40.06,1.33,8.39,0.0141,0.561,1.75,11.07,-9.51,13.37,7.46,0.0758,0.0145,2.66,0.0687,0.0332,475599.0,835771000.0,0.79,0.1363,0.0758
66,FRIO3,89.98,-3.22,-11.86,2.64,0.0,0.207,-201.61,6.56,-0.8,22.18,11.55,0.0402,-0.076,1.0,0.0526,3.6784,2535.65,-31172000.0,-40.41,0.0939,0.0402
67,NORD3,5.4,-0.11917799999999999,-0.26,230.97,0.0,2.1,-0.74,-51.3,-0.23,-104.53,-104.53,-0.4503,-0.0019,0.02,-0.0419,0.0,22519.0,-139342000.0,-0.27,1.166,-0.4503
68,TASA4,6.4,-4.63,-1.54,4.58,0.0,0.461,4.85,3.46,-0.73,8.36,7.47,0.1324,-0.0989,1.17,0.1605,0.3325,9156140.0,-367967000.0,-2.47,0.083,0.1324
69,TASA3,5.7,-4.12,-1.37,4.08,0.0,0.411,4.32,3.08,-0.65,7.98,7.13,0.1324,-0.0989,1.17,0.1605,0.3325,710562.0,-367967000.0,-2.47,0.083,0.1324
70,LUPA3,2.37,-0.85,0.81,46.37,0.0,0.121,0.47,-1.86,-0.26,-6.8,-9.52,-2.4989,-5.3334,2.91,-0.0669,-0.9513,1517350.0,75601000.0,2.19,-0.4297,-2.4989
71,BDLL3,24.0,-0.2,-0.34,9.33,0.0,0.052,-0.19,-0.97,-0.07,-6.91,-8.36,-0.9599,-4.7275,0.6,-0.065,1.7342,1283.49,-112189000.0,-2.11,-0.4354,-0.9599
72,INEP3,6.19,-0.11,-0.03,38.64,0.0,0.036,-0.03,-0.16,-0.02,-2.17,-2.25,-24.8673,-34.3224,0.12,-0.253,0.2302,24668.3,-2016000000.0,-0.33,-0.5236,-24.8673
73,INEP4,5.63,-0.1,-0.02,35.14,0.0,0.033,-0.02,-0.14,-0.01,-2.15,-2.24,-24.8673,-34.3224,0.12,-0.253,0.2302,55718.2,-2016000000.0,-0.33,-0.5236,-24.8673
74,BDLL4,8.0,-0.07,-0.11,3.11,0.0,0.017,-0.06,-0.32,-0.02,-6.26,-7.57,-0.9599,-4.7275,0.6,-0.065,1.7342,61050.9,-112189000.0,-2.11,-0.4354,-0.9599
75,MTSA4,23.95,5.5,0.81,7.15,0.0334,0.573,1.13,9.71,1.21,8.12,5.72,0.0736,0.1299,2.96,0.0774,0.1466,191965.0,271320000.0,0.16,0.0993,0.0736
76,ROMI3,12.4,7.88,0.96,9.29,0.1008,0.507,2.01,12.9,5.06,17.71,11.29,0.072,0.1182,1.79,0.0454,0.1222,3485780.0,809051000.0,0.53,0.0729,0.072
77,EALT4,5.35,8.08,0.71,4.6,0.011200000000000002,0.294,-68.16,4.97,-1.84,7.98,5.53,0.0927,0.057,0.99,0.0678,0.0883,230807.0,168715000.0,0.65,0.2304,0.0927
78,SHUL4,11.88,13.13,1.62,11.16,0.0177,0.675,1.86,14.22,12.54,16.72,10.67,0.0784,0.085,2.33,0.0733,0.1232,2687630.0,656151000.0,1.03,0.1894,0.0784
79,BALM4,11.78,16.59,1.09,7.84,0.022099999999999998,0.566,1.93,12.75,3.39,14.71,11.09,0.0615,0.0333,1.91,0.0504,0.066,171680.0,105487000.0,0.32,0.0714,0.0615
80,KEPL3,44.13,19.05,2.36,21.1,0.0089,1.594,8.4,22.29,11.16,20.9,13.37,0.0946,0.1108,1.68,0.0929,0.1241,5238680.0,491331000.0,0.12,-0.0092,0.0946
81,EALT3,13.1,19.78,1.75,11.27,0.0042,0.72,-166.9,12.16,-4.5,15.17,10.52,0.0927,0.057,0.99,0.0678,0.0883,30657.0,168715000.0,0.65,0.2304,0.0927
82,BALM3,16.72,23.54,1.55,11.12,0.015600000000000001,0.803,2.73,18.09,4.81,20.06,15.12,0.0615,0.0333,1.91,0.0504,0.066,36629.5,105487000.0,0.32,0.0714,0.0615
83,WEGE3,66.43,74.43,13.45,93.52,0.0067,7.742,22.71,55.02,40.43,54.74,47.02,0.17,0.1281,2.31,0.1781,0.1808,350041000.0,10362300000.0,0.21,0.1189,0.17
84,PRNR3,9.95,-21.52,1.73,12.94,0.0,1.095,2.13,-46.38,3.17,-37.75,25.14,-0.0279,-0.0793,3.56,-0.043,-0.0803,3735600.0,219095000.0,0.36,0.0034,-0.0279
85,DTCY3,7.3,-7.84,9.41,34.84,0.0,1.86,-8.78,-21.08,-3.54,-20.87,104.43,-0.1652,-0.4445,0.57,-0.1059,-1.2008,38183.8,6041000.0,0.39,0.0427,-0.1652
86,VLID3,10.58,-6.75,0.65,3.77,0.0662,0.249,1.83,5.68,-1.66,11.81,5.75,0.0665,-0.0573,1.42,0.058,-0.097,10509300.0,1151140000.0,1.19,0.0368,0.0665
87,ALPK3,9.69,0.0,2.45,0.0,0.0,0.598,-3.27,0.0,-0.98,0.0,0.0,0.0,0.0,0.44,0.0,0.0,448634.0,766581000.0,2.15,0.0,0.0
88,CARD3,16.76,18.33,2.56,15.64,0.016200000000000003,1.317,37.74,12.5,-8.34,13.34,6.53,0.1251,0.0853,1.12,0.1393,0.1399,4110690.0,273147000.0,0.45,-0.0223,0.1251
89,WLMM3,17.0,11.46,1.41,5.96,0.018799999999999997,1.071,3.69,11.31,5.31,9.68,9.08,0.0527,0.052,2.92,0.1228,0.1229,70.77,439677000.0,0.07,0.266,0.0527
90,WLMM4,18.74,12.63,1.55,6.57,0.018799999999999997,1.18,4.07,12.47,5.85,10.84,10.17,0.0527,0.052,2.92,0.1228,0.1229,7039.14,439677000.0,0.07,0.266,0.0527
91,GFSA3,5.26,-280.28,0.88,28.51,0.0,0.365,1.16,26.49,2.5,29.16,23.32,0.1076,-0.0115,1.76,0.0183,-0.0031,49727900.0,1175850000.0,0.57,-0.2438,0.1076
92,RDNI3,10.59,-108.05,0.77,13.48,0.0009,0.297,1.69,22.31,-1.41,40.11,32.65,0.0604,-0.0092,1.79,0.0144,-0.0071,528513.0,603221000.0,0.76,-0.0911,0.0604
93,TCNO3,2.15,-49.25,53.91,0.0,0.0,0.061,0.0,-2.34,0.0,-7.84,-9.07,0.0,0.0,0.0,0.0,-1.0947,98211.9,264000.0,0.0,-0.7186,0.0
94,LPSB3,5.0,-46.37,4.59,50.71,0.0,1.978,6.48,33.53,-17.17,27.41,14.29,0.1512,-0.0375,2.92,0.0971,-0.099,9272590.0,160774000.0,0.03,-0.0322,0.1512
95,TCNO4,1.52,-34.82,38.12,0.0,0.0,0.043,0.0,-1.65,0.0,-7.16,-8.27,0.0,0.0,0.0,0.0,-1.0947,148895.0,264000.0,0.0,-0.7186,0.0
96,MILS3,6.79,-34.67,1.56,28.86,0.0,1.171,5.94,-49.78,19.08,-48.38,12.1,-0.058,-0.0832,2.7,-0.0301,-0.0451,18175500.0,1093250000.0,0.22,0.0059,-0.058
97,HBOR3,12.79,-27.27,1.39,14.74,0.0,0.385,0.78,-47.61,5.19,-73.37,-92.4,-0.031,-0.0552,3.24,-0.0095,-0.0509,59289400.0,1233690000.0,1.24,0.032,-0.031
98,CRDE3,21.98,-15.37,0.44,84.26,0.6575,0.382,2.73,-11.29,4.31,-6.11,-6.12,-0.7463,-0.622,2.82,-0.0419,-0.0285,67152.5,121435000.0,0.0,-0.1708,-0.7463
99,MDNE3,9.18,-4.53,0.79,29.31,0.0,0.368,1.32,45.89,-12.72,53.02,44.41,0.0639,-0.6759,2.21,0.0086,-0.1739,6763400.0,988742000.0,0.23,-0.239,0.0639
100,TCSA3,12.79,-4.47,1.12,33.14,0.0,0.581,3.79,-10.11,-4.48,-11.21,-12.24,-0.3278,-0.7595,1.78,-0.0674,-0.25,25969100.0,841805000.0,0.4,-0.2103,-0.3278
101,JFEN3,4.33,-1.12,1.36,46.12,0.0,0.26,0.94,-3.09,-5.65,-7.18,-7.25,-1.4916,-4.331,1.52,-0.0878,-1.209,96673.7,336159000.0,1.84,-0.4176,-1.4916
102,VIVR3,1.42,-0.82,-0.88,-20.43,0.0,0.279,-0.54,-2.26,-0.3,-5.47,-5.72,0.9025,2.4755,0.44,-0.1305,1.0627,2028060.0,-154240000.0,-1.32,-0.4971,0.9025
103,RSID3,5.9,-0.46,-0.16,20.9,0.0,0.053,-0.09,-1.23,-0.05,-17.41,-18.86,-1.7006,-4.6929,0.4,-0.0488,0.34,1338420.0,-651709000.0,-2.11,-0.5333,-1.7006
104,BBRK3,1.84,-0.44,0.4,5.67,0.0,0.215,2.31,-2.33,-1.66,-0.64,-1.11,-0.2433,-1.1477,1.48,-0.1107,-0.9091,1534220.0,166355000.0,0.0,0.0222,-0.2433
105,PDGR3,4.02,-0.04,-0.01,1.59,0.0,0.018,-0.01,-0.39,-0.01,-19.82,-20.51,-0.4069,-3.8281,0.36,-0.0528,0.1479,413789.0,-5225500000.0,-0.33,-0.2915,-0.4069
106,AZEV4,3.9,0.28,-0.08,-4.54,0.0,0.372,-0.11,0.74,-0.08,1.93,1.93,-0.6154,-1.65,0.14,1.0812,-0.3071,141025.0,-248956000.0,-0.14,-0.4944,-0.6154
107,AZEV3,11.63,0.82,-0.25,-13.55,0.0,1.11,-0.34,2.2,-0.23,3.39,3.39,-0.6154,-1.65,0.14,1.0812,-0.3071,91480.1,-248956000.0,-0.14,-0.4944,-0.6154
108,HAGA4,1.87,6.13,-0.29,10.26,0.0,0.396,1.05,-19.51,-0.25,-20.83,44.29,-0.0526,0.1674,1.86,-0.0633,-0.0469,660857.0,-77360400.0,-0.5,-0.0545,-0.0526
109,ETER3,4.87,6.27,6.06,5.03,0.0,0.427,7.48,-7.92,-0.89,-9.87,-26.15,-0.0635,0.08,1.15,-0.0648,0.9665,5492930.0,41532000.0,2.33,-0.1416,-0.0635
110,JHSF3,7.36,8.69,1.56,63.76,0.0187,0.793,8.04,15.76,-2.5,18.05,16.66,0.4046,0.731,2.44,0.0552,0.1789,131406000.0,3243960000.0,0.4,0.1373,0.4046
111,PTBL3,4.5,9.03,1.73,6.4,0.0088,0.363,4.14,-245.26,-1.01,-406.08,22.37,-0.0026,0.071,1.25,-0.0019,0.192,7153520.0,411329000.0,1.82,0.0379,-0.0026
112,HAGA3,3.04,9.96,-0.47,16.67,0.0,0.643,1.7,-31.72,-0.41,-33.04,70.25,-0.0526,0.1674,1.86,-0.0633,-0.0469,55483.7,-77360400.0,-0.5,-0.0545,-0.0526
113,SOND6,36.0,14.3,1.6,13.52,0.0253,1.126,2.69,14.42,3.85,9.66,7.54,0.0938,0.0946,3.49,0.1269,0.1117,1497.3,55393000.0,0.0,-0.1202,0.0938
114,TRIS3,12.23,14.92,2.07,28.36,0.0351,1.164,2.44,14.15,4.04,14.32,14.21,0.2005,0.2046,3.15,0.1046,0.1384,26413600.0,1104980000.0,0.36,0.2594,0.2005
115,TEND3,31.17,16.37,2.31,16.31,0.011000000000000001,0.786,1.6,10.23,9.12,9.64,8.7,0.1595,0.0996,2.94,0.1247,0.1412,36329900.0,1407140000.0,0.96,0.2159,0.1595
116,MRVE3,18.54,17.03,1.63,14.52,0.0368,0.522,1.75,11.38,-3.15,15.34,13.71,0.1276,0.0981,2.53,0.0523,0.096,86509500.0,5465130000.0,0.89,0.0994,0.1276
117,SOND5,55.0,21.85,2.44,20.66,0.0166,1.72,4.1,22.03,5.88,17.27,13.49,0.0938,0.0946,3.49,0.1269,0.1117,2207.67,55393000.0,0.0,-0.1202,0.0938
118,DIRR3,14.41,22.53,1.7,15.41,0.0347,0.458,1.21,9.9,-2.18,10.29,8.86,0.1557,0.0829,4.24,0.0571,0.0755,21548200.0,1299540000.0,0.71,0.0217,0.1557
119,EVEN3,13.09,25.17,1.62,17.14,0.0111,0.576,1.12,18.8,3.27,20.92,20.12,0.0912,0.0851,3.02,0.0373,0.0645,40571100.0,1709090000.0,0.66,-0.0388,0.0912
120,CYRE3,23.65,27.06,1.95,25.07,0.054900000000000004,0.867,2.79,22.39,34.95,25.51,23.82,0.112,0.1251,2.36,0.0461,0.0719,194407000.0,4857670000.0,0.6,0.0325,0.112
121,EZTC3,39.22,28.3,2.28,99.03,0.0075,2.02,4.95,43.73,5.25,37.37,35.21,0.2264,0.3633,6.15,0.0663,0.0805,121322000.0,3907800000.0,0.0,0.0616,0.2264
122,MTRE3,14.8,109.25,1.61,52.91,0.0,1.273,1.76,62.27,1.97,31.81,29.62,0.085,0.0486,6.41,0.0646,0.0148,11166400.0,970757000.0,0.07,0.0,0.085
123,STBP3,5.37,-794.35,2.71,38.71,0.0033,1.105,13.03,94.95,-2.58,97.17,20.47,0.0408,-0.0049,2.06,0.0133,-0.0034,16280300.0,1324970000.0,0.33,0.036,0.0408
124,ECOR3,13.02,-36.87,11.82,18.3,0.0,0.635,-10.95,5.82,-0.81,11.35,7.75,0.3145,-0.0496,0.73,0.127,-0.3206,65406700.0,615303000.0,13.72,0.08,0.3145
125,LOGN3,18.47,-14.63,9.59,18.56,0.0,0.978,3.24,22.34,-2.26,31.19,13.05,0.0831,-0.1269,2.85,0.0714,-0.6556,16378700.0,203158000.0,7.04,0.0462,0.0831
126,TPIS3,1.26,-4.13,0.32,2.18,0.0,0.061,-0.28,-36.93,-0.08,-335.16,5.14,-0.0059,-0.0743,0.24,-0.0017,-0.0764,1007360.0,701690000.0,2.71,-0.1527,-0.0059
127,GOLL4,17.55,-1.5,-0.48,5.67,0.0,0.423,-0.74,8.31,-0.27,20.41,5.73,0.0682,-0.3624,0.32,0.0659,0.3211,196580000.0,-13002600000.0,-0.84,0.0439,0.0682
128,AZUL4,21.59,-0.61,-0.58,7.79,0.0,0.487,-1.18,-2.7,-0.3,-9.13,22.12,-0.2884,-1.2836,0.36,-0.2502,0.9628,294766000.0,-12648200000.0,-1.52,0.0612,-0.2884
129,TGMA3,24.93,10.99,2.79,14.58,0.0458,1.576,6.82,12.42,29.37,12.7,10.68,0.1174,0.1327,1.9,0.179,0.2538,16279100.0,590088000.0,0.55,0.0583,0.1174
130,LUXM4,45.98,16.62,2.21,20.73,0.1321,1.318,7.5,14.66,-18.2,15.57,7.68,0.1414,0.1247,2.12,0.0988,0.1333,106395.0,107865000.0,0.27,0.0887,0.1414
131,JSLG3,32.1,27.82,4.75,6.92,0.0076,0.295,0.92,7.77,-0.77,18.16,8.17,0.089,0.0267,2.69,0.0676,0.1709,31496100.0,1402480000.0,12.25,0.1109,0.089
132,CCRO3,13.3,30.52,3.26,26.05,0.057300000000000004,0.769,32.63,9.69,-1.46,14.92,8.42,0.2688,0.0791,1.11,0.0982,0.1069,99057400.0,8233370000.0,2.52,0.0203,0.2688
133,WSON33,39.44,48.46,1.23,17.24,0.028999999999999998,0.522,9.03,4.39,-1.27,7.5,7.5,0.393,0.0385,1.55,0.1378,0.0253,1055460.0,2290150000.0,1.09,0.0008,0.393
134,RLOG3,21.11,50.66,4.05,14.02,0.0,0.233,3.93,4.81,-0.38,10.91,5.91,0.2914,0.0999,1.52,0.0567,0.0799,22823500.0,2416520000.0,7.4,0.0927,0.2914
135,RAIL3,22.3,59.14,4.87,59.25,0.0,0.986,16.62,20.68,-1.6,26.89,14.45,0.2865,0.1007,1.52,0.0557,0.0823,202161000.0,8490350000.0,2.11,0.1359,0.2865
136,CAML3,12.45,-346.17,1.78,19.39,0.013500000000000002,0.629,2.35,30.36,11.96,38.83,38.83,0.0639,-0.0056,1.62,0.0353,-0.0051,16450500.0,2587190000.0,1.21,-0.196,0.0639
137,BSEV3,4.04,-2.66,-4.07,6.31,0.0,0.307,-0.64,13.62,-0.46,33.75,4.64,0.0463,-0.2373,0.46,0.0265,1.5314,512777.0,-1012830000.0,-7.23,-0.0001,0.0463
138,MNPR3,5.56,-2.13,-0.11,1.64,0.0,0.181,-0.1,0.8,-0.08,0.79,0.71,0.2043,-0.0769,0.17,0.2363,0.0494,120870.0,-375728000.0,0.0,0.0346,0.2043
139,MRFG3,18.07,8.11,35.0,2.17,0.0,0.35,3.09,1.8,-0.68,4.33,3.67,0.1203,0.0541,1.37,0.2739,4.3139,219995000.0,367249000.0,71.38,0.3862,0.1203
140,BEEF3,13.52,9.6,7.85,3.67,0.0,0.388,1.15,3.8,-1.38,6.94,5.94,0.0964,0.0382,2.01,0.1981,0.8178,101613000.0,838217000.0,14.62,0.1926,0.0964
141,JOPA3,27.0,10.53,0.55,2.21,0.0106,0.148,0.54,3.21,18.45,9.9,8.38,0.0687,0.027,1.73,0.0594,0.0523,746.56,518604000.0,1.89,0.0378,0.0687
142,JOPA4,28.0,10.92,0.57,2.29,0.0113,0.154,0.56,3.33,19.13,10.02,8.48,0.0687,0.027,1.73,0.0594,0.0523,1887.28,518604000.0,1.89,0.0378,0.0687
143,SMTO3,24.08,12.85,2.51,21.51,0.022400000000000003,0.715,5.35,9.28,-1.7,14.28,5.83,0.2318,0.1674,1.83,0.0918,0.1955,41507400.0,3392610000.0,1.84,0.1116,0.2318
144,BRFS3,19.6,12.91,2.34,4.45,0.0,0.326,3.58,5.56,-0.78,10.75,5.94,0.08,0.035,1.26,0.0928,0.1816,251610000.0,6793900000.0,3.66,0.0001,0.08
145,MDIA3,35.74,17.59,1.94,17.91,0.006999999999999999,1.283,8.54,18.03,23.31,18.62,13.6,0.0993,0.1018,1.61,0.0868,0.1105,38253100.0,6234010000.0,0.29,0.0786,0.0993
146,BAUH4,89.94,31.99,6.18,25.82,0.0095,3.711,21.24,29.23,25.76,27.03,20.82,0.0883,0.0807,1.47,0.248,0.1933,39684.8,75956000.0,0.0,0.1179,0.0883
147,CSAN3,82.85,37.31,3.02,48.26,0.0181,0.984,7.0,19.58,-2.66,25.74,25.74,0.2464,0.1029,1.97,0.0595,0.0809,144131000.0,10820800000.0,1.26,-0.0132,0.2464
148,JBSS3,23.35,261.17,1.73,2.67,0.023700000000000002,0.384,2.24,3.33,-1.03,6.25,4.56,0.08,0.0018,1.8,0.1557,0.0066,399055000.0,36011800000.0,2.14,0.0739,0.08
149,ABEV3,12.7,22.41,2.7,38.41,0.038599999999999995,1.646,28.43,15.11,-20.83,14.3,10.46,0.2542,0.1788,1.24,0.1463,0.1206,470605000.0,73922800000.0,0.09,0.0305,0.2542
150,NTCO3,49.14,-58.39,2.65,21.25,0.0,1.007,14.65,34.44,-2.96,41.87,41.87,0.0617,-0.0367,1.33,0.0372,-0.0453,298511000.0,23245600000.0,0.89,0.0,0.0617
151,ADHM3,2.2,-5.76,-1.81,0.010872,0.0,148.255,-2.02,-8.02,-1.79,-8.02,-8.19,-135.485,-188.606,0.0,5.217,0.3147,61713.2,-19776000.0,0.0,0.4348,-135.485
152,BOBR4,2.13,38.9,-2.18,5.23,0.0,0.795,-2.95,4.94,-0.86,7.06,5.88,0.1058,0.0134,0.62,0.2198,-0.056,336104.0,-254612000.0,-1.04,-0.0026,0.1058
153,DASA3,70.0,-169.78,8.69,67.5,0.0053,2.725,22.8,678.21,-7.05,742.16,55.94,0.01,-0.0391,1.66,0.0049,-0.0512,6534.56,3872410000.0,1.27,0.1433,0.01
154,AALR3,12.3,-17.22,1.23,15.91,0.0070999999999999995,0.556,-14.89,-598.28,-1.89,-835.29,17.5,-0.0027,-0.0857,0.87,-0.0011,-0.0716,10857800.0,1179760000.0,0.76,-0.0397,-0.0027
155,BIOM3,16.18,-16.21,8.15,382.02,0.0,2.765,16.52,-21.72,-8.31,-24.32,-26.59,-1.7585,-2.3565,2.04,-0.1606,-0.5027,521670.0,120695000.0,1.53,13.1278,-1.7585
156,GBIO33,10.38,-14.94,1.32,15.15,0.0,0.79,7.56,13.51,17.54,16.04,16.04,0.1121,-0.1014,1.31,0.0712,-0.0883,6341830.0,838439000.0,0.31,-0.0899,0.1121
157,DMVF3,12.0,0.0,1.35,0.0,0.0,0.503,-4.13,0.0,-1.38,0.0,0.0,0.0,0.0,0.69,0.0,0.0,5442490.0,449022000.0,0.76,0.0,0.0
158,ODPV3,13.1,21.97,5.72,38.76,0.0319,3.534,15.34,13.13,24.41,11.66,11.18,0.2951,0.1754,1.78,0.4542,0.2602,27717500.0,1217410000.0,0.0,0.0881,0.2951
159,QUAL3,29.9,22.21,5.18,41.93,0.1166,2.385,11.86,11.16,-11.43,11.83,7.82,0.3757,0.1892,2.55,0.3044,0.233,124563000.0,1640420000.0,0.81,0.0121,0.3757
160,PARD3,25.24,29.95,4.62,26.67,0.0095,1.772,13.14,20.89,-7.04,21.76,13.51,0.1277,0.0891,1.59,0.1096,0.1543,20920600.0,715237000.0,0.6,0.0743,0.1277
161,OFSA3,29.07,31.19,3.04,24.69,0.0006,1.697,7.19,19.35,20.16,21.7,16.46,0.1276,0.0791,1.82,0.1069,0.0974,480010.0,515951000.0,0.63,0.0643,0.1276
162,HAPV3,62.43,53.65,6.02,63.92,0.0028000000000000004,3.501,39.67,36.7,-20.5,36.48,26.83,0.1742,0.1194,1.55,0.1174,0.1122,112437000.0,7702680000.0,0.27,0.4783,0.1742
163,FLRY3,25.12,60.14,5.15,30.14,0.029300000000000003,1.475,11.0,24.77,-3.72,27.37,13.63,0.1217,0.0501,1.73,0.0774,0.0856,56119600.0,1549450000.0,1.24,0.0795,0.1217
164,GNDI3,72.88,71.53,6.49,45.64,0.0023,3.076,74.16,34.14,-11.18,34.1,27.66,0.1337,0.0638,1.2,0.1059,0.0908,219326000.0,6775330000.0,0.29,0.3539,0.1337
165,CRFB3,19.2,18.02,2.62,5.97,0.013000000000000001,0.842,13.79,9.45,-5.05,10.24,8.04,0.0632,0.0376,1.14,0.1269,0.1452,131685000.0,14562000000.0,0.52,0.1114,0.0632
166,PNVL4,19.93,38.76,5.65,10.86,0.0052,1.901,8.51,26.16,-33.4,30.32,16.34,0.0415,0.028,1.58,0.1025,0.1458,792112.0,534292000.0,1.16,0.0799,0.0415
167,PFRM3,5.36,42.32,0.66,1.27,0.0,0.195,1.48,3.63,-3.88,6.72,3.89,0.035,0.003,1.25,0.0857,0.0157,7506620.0,1001000000.0,0.95,0.0744,0.035
168,PCAR3,64.73,42.57,1.38,2.44,0.009000000000000001,0.275,-39.57,3.6,-0.66,5.66,3.97,0.0676,0.0069,0.98,0.1117,0.0325,132890000.0,12566000000.0,1.4,0.0661,0.0676
169,PNVL3,22.71,44.16,6.44,12.38,0.0042,2.166,9.69,29.81,-38.06,33.97,18.31,0.0415,0.028,1.58,0.1025,0.1458,19055300.0,534292000.0,1.16,0.0799,0.0415
170,RADL3,107.94,50.0,8.78,18.96,0.0060999999999999995,2.796,16.78,40.67,-14.28,42.33,19.31,0.0466,0.0387,1.53,0.0855,0.1755,159632000.0,4063700000.0,0.43,0.1639,0.0466
171,MNDL3,26.0,-5.14,-0.44,1.35,0.0,0.061,-0.1,2.1,-0.07,8.0,5.6,0.0645,-0.0263,0.29,0.0315,0.0858,76070.8,-146315000.0,-1.28,0.0416,0.0645
172,ECPR3,77.0,-2.21,0.9,0.0,0.0,0.519,0.0,-80.83,0.0,-80.11,-80.28,0.0,0.0,0.0,0.0,-0.4074,360.44,162201000.0,0.0,0.0,0.0
173,CEDO3,11.0,-1.8,0.82,1.82,0.0,0.166,-2.57,10.68,-0.42,30.23,10.49,0.017,-0.1082,0.85,0.019,-0.4561,11793.7,133686000.0,1.75,0.0968,0.017
174,CTNM3,10.91,-1.37,0.37,1.83,0.0,0.079,1.31,-27.2,-0.31,-135.12,19.52,-0.0067,-0.2178,1.2,-0.0032,-0.2665,27300.9,912647000.0,1.69,-0.1124,-0.0067
175,SGPS3,7.1,-1.0,0.3,2.69,0.0,0.113,1.73,6.36,-0.43,19.97,7.95,0.0423,-0.2697,1.21,0.02,-0.3043,1803540.0,1169340000.0,0.84,-0.1781,0.0423
176,CEDO4,5.96,-0.98,0.45,0.98,0.0,0.09,-1.39,5.79,-0.23,25.33,8.79,0.017,-0.1082,0.85,0.019,-0.4561,14959.9,133686000.0,1.75,0.0968,0.017
177,CTNM4,6.03,-0.76,0.2,1.01,0.0,0.043,0.72,-15.03,-0.17,-122.95,17.77,-0.0067,-0.2178,1.2,-0.0032,-0.2665,170250.0,912647000.0,1.69,-0.1124,-0.0067
178,TECN3,1.04,-0.63,0.25,2.77,0.0,0.12,0.38,-1.96,3.4,-3.99,-3.08,-0.1414,-0.441,2.36,-0.076,-0.3981,1098980.0,326951000.0,0.42,-0.066,-0.1414
179,TEKA3,32.5,-0.13,-0.01,1.13,0.0,0.017,-0.01,-1.47,-0.01,-43.83,-78.54,-0.0764,-0.8784,0.02,-0.0183,0.0798,44575.3,-1596710000.0,-0.29,-0.0072,-0.0764
180,TEKA4,10.71,-0.04,0.0,0.37,0.0,0.006,0.0,-0.49,0.0,-42.84,-76.77,-0.0764,-0.8784,0.02,-0.0183,0.0798,137798.0,-1596710000.0,-0.29,-0.0072,-0.0764
181,TXRX4,10.74,1.71,-0.15,12.01,0.0,0.244,-0.17,8.03,-0.11,44.76,44.76,0.1494,0.7035,0.19,0.0473,-0.0901,300468.0,-297411000.0,-0.7,-0.1285,0.1494
182,CTKA4,12.24,3.52,-0.29,2.17,0.0,0.195,0.69,2.08,-0.18,15.61,11.54,0.1043,0.0616,1.86,0.1126,-0.0833,70654.7,-258706000.0,-2.04,0.0468,0.1043
183,CTKA3,15.3,4.41,-0.37,2.72,0.0,0.244,0.86,2.6,-0.23,16.13,11.93,0.1043,0.0616,1.86,0.1126,-0.0833,26969.7,-258706000.0,-2.04,0.0468,0.1043
184,PTNT4,5.0,10.97,0.95,4.19,0.014499999999999999,0.346,4.21,9.31,-5.31,13.77,6.76,0.045,0.0658,1.2,0.0476,0.0868,136597.0,252196000.0,0.76,0.0375,0.045
185,HGTX3,17.9,11.22,1.94,24.12,0.0252,1.411,3.57,38.43,3.84,35.07,16.0,0.0628,0.2149,2.6,0.053,0.173,66316400.0,1498030000.0,0.17,-0.0463,0.0628
186,TXRX3,80.9,12.85,-1.16,90.43,0.0,1.842,-1.29,60.51,-0.82,97.24,97.24,0.1494,0.7035,0.19,0.0473,-0.0901,6919.02,-297411000.0,-0.7,-0.1285,0.1494
187,PTNT3,8.39,18.41,1.6,7.02,0.0087,0.581,7.06,15.62,-8.92,20.08,9.86,0.045,0.0658,1.2,0.0476,0.0868,39453.1,252196000.0,0.76,0.0375,0.045
188,GRND3,7.74,19.27,1.96,41.64,0.032,1.79,3.61,25.47,3.79,21.61,16.04,0.1635,0.2161,8.69,0.1051,0.1018,12906600.0,3558780000.0,0.06,-0.0482,0.1635
189,DOHL4,5.17,20.57,0.67,8.58,0.022099999999999998,0.528,1.35,91.91,2.06,76.57,17.16,0.0093,0.0417,5.87,0.0067,0.0326,137216.0,582769000.0,0.04,0.0284,0.0093
190,VIVA3,22.83,36.05,4.99,54.39,0.0068000000000000005,2.909,7.33,31.2,11.51,29.67,29.67,0.1743,0.1508,2.45,0.1382,0.1385,34710100.0,1079630000.0,0.3,0.0,0.1743
191,DOHL3,15.0,59.67,1.95,24.91,0.0069,1.531,3.93,266.67,5.97,251.33,56.33,0.0093,0.0417,5.87,0.0067,0.0326,13898.0,582769000.0,0.04,0.0284,0.0093
192,VULC3,5.93,71.05,1.42,13.61,0.0,0.972,2.04,21.5,3.07,20.85,9.38,0.0633,0.0191,4.08,0.0592,0.0199,5923500.0,1029360000.0,0.27,0.0143,0.0633
193,ALPA3,32.32,71.49,6.66,59.28,0.0016,2.857,11.67,39.28,30.0,38.99,29.3,0.1509,0.0786,1.6,0.1292,0.0932,79641.1,2852200000.0,0.88,-0.0442,0.1509
194,ALPA4,34.75,76.87,7.16,63.74,0.0016,3.072,12.55,42.24,32.26,41.94,31.52,0.1509,0.0786,1.6,0.1292,0.0932,59215500.0,2852200000.0,0.88,-0.0442,0.1509
195,CAMB3,4.33,78.51,2.82,10.47,0.0,0.834,253.54,19.61,-2.65,24.88,14.52,0.0534,0.0134,1.01,0.048,0.0359,796063.0,64625000.0,0.9,-0.0979,0.0534
196,CTSA4,2.45,109.38,0.96,6.24,0.0048,0.43,14.52,9.15,-3.9,16.95,16.97,0.0682,0.0057,1.07,0.0522,0.0088,118042.0,283521000.0,0.86,0.0743,0.0682
197,CTSA3,2.83,126.34,1.11,7.21,0.0038,0.496,16.77,10.57,-4.5,18.37,18.39,0.0682,0.0057,1.07,0.0522,0.0088,181928.0,283521000.0,0.86,0.0743,0.0682
198,IGBR3,3.35,-35.96,-0.05,167.9,0.0,0.168,-0.47,-25.81,-0.04,-610.1,-610.1,-0.6505,-0.4669,0.03,-0.0071,0.0013,5060.43,-912514000.0,-1.04,-0.2648,-0.6505
199,SPRI6,12.0,-1.83,1.35,0.0,0.0,1.305,0.0,-3.5,0.0,-3.15,-3.18,0.0,0.0,0.0,0.0,-0.7382,3367.51,22420000.0,0.0,-0.0733,0.0
200,SPRI3,11.05,-1.69,1.25,0.0,0.0,1.202,0.0,-3.23,0.0,-2.87,-2.9,0.0,0.0,0.0,0.0,-0.7382,2192.36,22420000.0,0.0,-0.0733,0.0
201,SPRI5,9.12,-1.39,1.03,0.0,0.0,0.992,0.0,-2.66,0.0,-2.31,-2.33,0.0,0.0,0.0,0.0,-0.7382,4287.35,22420000.0,0.0,-0.0733,0.0
202,HETA4,8.38,1.19,-0.01,36.53,0.0,0.421,-0.11,4.88,-0.01,375.41,375.41,0.7487,3.065,0.01,0.0875,-0.0094,2967.54,-382871000.0,-0.85,-0.1765,0.7487
203,WHRL3,7.15,7.58,5.83,13.45,0.1353,1.887,12.46,24.4,25.1,21.95,16.37,0.0551,0.1775,1.25,0.1962,0.7696,12.04,1841660000.0,0.11,-0.0648,0.0551
204,WHRL4,7.25,7.69,5.92,13.64,0.14679999999999999,1.913,12.63,24.74,25.45,22.29,16.62,0.0551,0.1775,1.25,0.1962,0.7696,4405.86,1841660000.0,0.11,-0.0648,0.0551
205,UCAS3,4.24,25.2,1.75,20.08,0.1476,1.356,3.98,33.13,4.59,28.94,14.19,0.0606,0.0797,2.91,0.0506,0.0693,8007.09,160532000.0,0.0,-0.0841,0.0606
206,SLED3,1.07,-0.15,-0.17,1.14,0.0,0.098,-0.89,-0.47,-0.08,-3.1,-8.39,-0.2454,-0.7424,0.75,-0.2821,1.0934,1611.75,-321432000.0,-1.06,-0.2713,-0.2454
207,SLED4,0.58,-0.08,-0.09,0.62,0.0,0.053,-0.48,-0.25,-0.04,-2.89,-7.81,-0.2454,-0.7424,0.75,-0.2821,1.0934,7673.11,-321432000.0,-1.06,-0.2713,-0.2454
208,MEAL3,3.83,-20.32,0.89,6.82,0.0,0.394,-3.1,-68.28,-1.06,-85.51,24.79,-0.01,-0.0336,0.59,-0.0069,-0.0439,65285500.0,1230240000.0,0.45,0.0126,-0.01
209,BKBR3,11.11,-12.9,1.63,10.27,0.0046,0.716,24.96,-17.73,-2.17,-20.21,16.65,-0.0579,-0.0796,1.14,-0.0508,-0.1266,21487000.0,1550950000.0,0.6,0.1152,-0.0579
210,HOOT4,2.72,-0.28,-0.12,7.01,0.0,0.106,-0.09,-0.34,-0.06,-0.33,-0.36,-2.0786,-2.49,0.04,-0.3244,0.4294,19387.9,-413079000.0,0.0,-0.1917,-2.0786
211,SHOW3,2.57,-3.01,0.67,9.85,0.0,0.277,1.61,-6.07,-12.01,-4.07,-13.97,-0.1623,-0.3356,1.44,-0.0756,-0.2231,2362830.0,257677000.0,0.62,-0.2688,-0.1623
212,ESTR4,27.99,-0.7,-0.05,2.12,0.0,0.108,-0.05,-2.46,-0.04,-6.79,-11.36,-0.0864,-0.3023,0.16,-0.0496,0.0665,19156.4,-484249000.0,-0.08,-0.0925,-0.0864
213,CVCB3,18.87,11.67,2.06,14.24,0.022099999999999998,0.407,1.69,4.0,-5.46,5.6,4.68,0.3563,0.1156,1.49,0.1221,0.1762,114294000.0,1370930000.0,1.13,0.2278,0.3563
214,BMKS3,228.5,26.85,0.57,63.66,0.026600000000000002,0.493,0.65,-17.97,0.74,7.03,11.71,-0.3541,0.2371,21.37,-0.1,0.0211,75788.3,183806000.0,0.04,-0.041,-0.3541
215,ANIM3,28.59,-78.19,1.92,24.28,0.0,0.922,3.41,17.87,-6.66,20.16,11.42,0.1358,-0.0307,3.44,0.0682,-0.0245,14362300.0,1655070000.0,0.72,0.091,0.1358
216,COGN3,6.06,-17.72,0.64,17.64,0.0007000000000000001,0.315,2.83,29.22,-1.03,52.33,14.94,0.0604,-0.0989,2.25,0.0122,-0.036,724860000.0,17846000000.0,0.71,0.0651,0.0604
217,SMLS3,14.32,4.62,1.41,23.38,0.07719999999999999,0.553,1.83,4.04,3.69,0.66,0.62,0.5785,0.5063,1.66,0.2696,0.3051,28335500.0,1261850000.0,0.0,-0.2534,0.5785
218,YDUQ3,29.95,16.15,2.83,26.04,0.017,1.212,3.93,11.03,-9.0,12.17,8.51,0.2359,0.1612,3.41,0.1705,0.175,99199100.0,3275420000.0,1.07,0.0463,0.2359
219,SEER3,14.73,20.44,1.39,14.69,0.0032,0.627,2.46,8.02,-3.56,7.73,4.63,0.1831,0.0719,3.12,0.1034,0.0682,21656100.0,1359600000.0,0.46,0.0466,0.1831
220,LCAM3,20.18,41.48,2.6,21.71,0.0219,0.907,11.31,16.74,-2.37,22.36,11.88,0.1297,0.0524,1.43,0.0764,0.0628,57705700.0,3943290000.0,1.33,0.6971,0.1297
221,RENT3,48.42,48.71,6.72,37.74,0.0076,1.927,15.54,27.7,-4.02,33.78,20.87,0.1362,0.0775,2.13,0.0867,0.138,337975000.0,5461000000.0,2.05,0.2675,0.1362
222,MOVI3,16.34,149.87,2.24,11.84,0.018000000000000002,0.655,10.96,9.47,-1.84,13.39,7.72,0.125,0.0079,1.2,0.1142,0.015,51043400.0,2179270000.0,1.71,0.2529,0.125
223,BTOW3,111.0,-248.91,10.46,71.57,0.0,3.542,11.44,252.6,-49.49,253.42,73.41,0.0283,-0.0288,2.1,0.0337,-0.042,360367000.0,5570280000.0,1.22,-0.036,0.0283
224,CEAB3,11.45,-67.02,1.37,8.31,0.0001,0.543,2.64,66.01,-3.22,96.9,9.38,0.0126,-0.0124,1.9,0.0111,-0.0204,35657700.0,2578030000.0,1.13,0.0,0.0126
225,VVAR3,20.29,-27.96,6.42,13.0,0.0,1.118,13.49,29.11,-4.32,32.35,17.58,0.0447,-0.0465,1.17,0.0586,-0.2296,1722460000.0,5049000000.0,1.65,0.0745,0.0447
226,AMAR3,8.3,-5.98,1.88,8.92,0.0,0.69,4.34,12.87,-4.35,19.18,6.73,0.0693,-0.1763,1.51,0.0634,-0.3145,45980000.0,1153730000.0,1.19,-0.0466,0.0693
227,LLIS3,5.81,-1.05,0.55,5.61,0.0,0.156,-0.81,-1.22,-0.33,-5.76,3.6,-0.4604,-2.4797,0.56,-0.1397,-0.5195,1716080.0,733301000.0,2.14,-0.0975,-0.4604
228,SOMA3,10.93,0.0,12.36,0.0,0.0,3.935,69.96,0.0,-29.34,0.0,0.0,0.0,0.0,1.11,0.0,0.0,17249000.0,421946000.0,1.11,0.0,0.0
229,LJQQ3,13.62,0.0,17.02,0.0,0.0,1.499,6.38,0.0,-6.33,0.0,0.0,0.0,0.0,1.53,0.0,0.0,22467600.0,148575000.0,2.8,0.0,0.0
230,CGRA3,26.99,4.18,0.89,12.12,0.0649,0.641,2.71,14.09,4.85,11.1,5.93,0.086,0.2902,2.32,0.0567,0.214,54489.2,606987000.0,0.0,0.0394,0.086
231,CGRA4,27.74,4.29,0.92,12.45,0.06309999999999999,0.658,2.78,14.48,4.98,11.49,6.14,0.086,0.2902,2.32,0.0567,0.214,271849.0,606987000.0,0.0,0.0394,0.086
232,HYPE3,32.5,18.02,2.27,54.03,0.0353,1.314,3.41,23.8,13.7,23.37,20.49,0.227,0.2999,3.93,0.0844,0.126,139878000.0,9055200000.0,0.53,0.1143,0.227
233,CNTO3,29.16,32.02,3.61,25.52,0.0,1.499,5.57,-110.51,-9.89,-114.4,45.15,-0.0231,0.0795,2.64,-0.0209,0.1128,62269700.0,1952580000.0,0.79,0.0,-0.0231
234,LREN3,43.0,36.09,7.3,35.79,0.0074,2.914,19.06,14.34,-75.15,14.67,11.16,0.2495,0.0992,1.37,0.2607,0.2022,326617000.0,4688160000.0,0.54,0.1199,0.2495
235,GUAR3,17.72,53.72,1.8,12.94,0.0286,0.731,5.06,136.99,-21.72,161.99,18.24,0.0094,0.0241,1.35,0.0067,0.0336,20552100.0,4906450000.0,0.81,0.0546,0.0094
236,LAME3,27.4,86.92,9.47,25.94,0.005699999999999999,1.456,5.16,23.92,-7.25,27.51,16.33,0.1084,0.0252,1.93,0.1245,0.1089,73407800.0,5403890000.0,3.83,0.0211,0.1084
237,LAME4,32.12,101.9,11.1,30.41,0.0049,1.707,6.05,28.04,-8.5,31.63,18.78,0.1084,0.0252,1.93,0.1245,0.1089,403987000.0,5403890000.0,3.83,0.0211,0.1084
238,ARZZ3,54.17,117.26,7.36,34.25,0.0066,2.847,7.04,251.54,22.85,253.37,48.3,0.0136,0.0292,2.21,0.0189,0.0628,35244300.0,669467000.0,0.9,0.0659,0.0136
239,MGLU3,90.15,396.55,19.68,66.42,0.0022,7.124,39.49,241.68,893.24,239.51,117.12,0.0275,0.0167,1.39,0.0495,0.0496,951365000.0,7443840000.0,0.22,0.2527,0.0275
240,POSI3,4.97,118.6,0.8,3.9,0.006500000000000001,0.296,1.12,20.23,1.77,28.07,12.38,0.0193,0.0056,1.5,0.0233,0.0068,20438900.0,878421000.0,0.92,0.007,0.0193
241,TOTS3,28.1,62.42,6.45,68.14,0.0068000000000000005,3.147,22.62,17.27,84.63,16.31,13.88,0.3945,0.1095,1.34,0.2666,0.1034,137958000.0,2517410000.0,0.26,0.0313,0.3945
242,PDTC3,6.01,97.64,5.38,198.04,0.0,1.379,5.28,479.64,-63.52,493.3,249.7,0.0413,0.2028,1.57,0.004,0.0551,2502830.0,87703000.0,0.9,-0.4704,0.0413
243,LWSA3,64.14,508.19,12.53,188.25,0.0,6.815,16.9,190.29,26.19,181.64,78.48,0.0989,0.037,2.29,0.0703,0.0246,83789000.0,644643000.0,0.3,0.0,0.0989
244,SQIA3,25.25,758.03,4.12,92.48,0.0,2.94,5.83,734.28,9.2,627.68,70.3,0.0126,0.0123,5.96,0.0091,0.0054,25129500.0,432572000.0,0.18,0.2413,0.0126
245,LINX3,35.55,0.022626,4.01,80.1,0.0032,2.711,11.8,45.12,32.63,43.08,22.31,0.1775,0.0035,2.3,0.0811,0.0018,107763000.0,1679890000.0,0.19,0.1575,0.1775
246,OIBR4,2.31,-0.78,1.7,7.16,0.0,0.188,1.89,-7.67,-0.3,-18.85,6.64,-0.0934,-0.9274,1.61,-0.0286,-2.1917,35647000.0,8075470000.0,3.23,-0.0793,-0.0934
247,OIBR3,1.67,-0.56,1.23,5.18,0.0,0.136,1.37,-5.54,-0.22,-16.73,5.89,-0.0934,-0.9274,1.61,-0.0286,-2.1917,434949000.0,8075470000.0,3.23,-0.0793,-0.0934
248,VIVT3,49.3,18.5,1.2,19.14,0.0548,0.753,161.72,12.98,-4.36,13.75,5.01,0.1475,0.1034,1.02,0.0664,0.0651,5192060.0,69242200000.0,0.19,0.008,0.1475
249,VIVT4,49.43,18.55,1.21,19.19,0.0601,0.755,162.14,13.01,-4.37,13.79,5.02,0.1475,0.1034,1.02,0.0664,0.0651,121340000.0,69242200000.0,0.19,0.008,0.1475
250,JPSA3,23.6,20.68,1.34,29.27,0.0048,0.326,2.56,6.15,-1.09,11.33,8.01,0.476,0.3221,2.35,0.0651,0.0647,5390730.0,1550500000.0,1.88,0.0241,0.476
251,ATOM3,2.8,7.56,4.78,31.26,0.0,2.681,2.86,11.57,4.83,8.89,8.84,0.2702,0.4137,17.71,0.6834,0.6329,840663.0,12238000.0,0.0,0.4753,0.2702
252,TIMP3,14.62,18.61,1.55,20.67,0.0177,0.889,16.69,10.63,-4.1,10.56,4.1,0.1944,0.1111,1.34,0.0967,0.0833,168571000.0,22847800000.0,0.14,0.0229,0.1944
253,CEPE5,28.02,-45.38,1.25,-512.73,0.0358,0.226,-6.64,-79.2,-0.45,-267.37,-424.73,0.6474,1.1298,0.9,-0.0034,-0.0277,7567.51,1666000000.0,3.44,0.0929,0.6474
254,CEPE6,23.17,-37.53,1.04,-423.98,0.04769999999999999,0.187,-5.49,-65.49,-0.37,-253.66,-402.95,0.6474,1.1298,0.9,-0.0034,-0.0277,802.98,1666000000.0,3.44,0.0929,0.6474
255,CEED4,100.0,-0.59,-0.2,2.9,0.0,0.247,-0.24,-2.18,-0.12,-4.37,-6.57,-0.1328,-0.4889,0.2,-0.1363,0.3346,465.12,-4883560000.0,-0.22,0.0591,-0.1328
256,CEED3,56.1,-0.33,-0.11,1.62,0.0,0.138,-0.14,-1.22,-0.07,-3.41,-5.13,-0.1328,-0.4889,0.2,-0.1363,0.3346,18672.1,-4883560000.0,-0.22,0.0591,-0.1328
257,RNEW3,3.31,-0.16,-0.12,27.86,0.0,0.059,-0.05,-1.23,-0.04,-14.97,-17.52,-2.272,-17.8559,0.03,-0.0583,0.7737,87484.5,-1143710000.0,-1.4,-0.3356,-2.272
258,RNEW11,9.1,-0.14,-0.11,25.53,0.0,0.054,-0.04,-1.12,-0.04,-14.86,-17.4,-2.272,-17.8559,0.03,-0.0583,0.7737,123520.0,-1143710000.0,-1.4,-0.3356,-2.272
259,RNEW4,2.91,-0.14,-0.11,24.5,0.0,0.052,-0.04,-1.08,-0.04,-14.82,-17.34,-2.272,-17.8559,0.03,-0.0583,0.7737,151888.0,-1143710000.0,-1.4,-0.3356,-2.272
260,LIGT3,16.35,3.9,0.74,3.88,0.0,0.206,7.09,4.87,-0.43,12.71,8.05,0.0796,0.0994,1.14,0.0494,0.191,42166200.0,6672370000.0,1.35,0.0758,0.0796
261,CPLE5,60.52,5.08,0.85,9.46,0.0652,0.373,6.3,3.85,-1.03,5.67,4.46,0.2459,0.1894,1.43,0.1077,0.1684,140.74,19372800000.0,0.56,0.0763,0.2459
262,CPLE3,62.86,5.27,0.89,9.83,0.035699999999999996,0.388,6.55,4.0,-1.07,5.82,4.57,0.2459,0.1894,1.43,0.1077,0.1684,27709200.0,19372800000.0,0.56,0.0763,0.2459
263,CPLE6,64.23,5.39,0.91,10.04,0.0384,0.396,6.69,4.08,-1.1,5.91,4.64,0.2459,0.1894,1.43,0.1077,0.1684,73648700.0,19372800000.0,0.56,0.0763,0.2459
264,CLSC4,55.97,5.85,1.34,2.64,0.0344,0.213,3.5,4.85,-0.44,7.43,4.86,0.0544,0.0451,1.21,0.0526,0.229,2486400.0,1611840000.0,1.29,0.0754,0.0544
265,CLSC3,59.01,6.17,1.41,2.78,0.0297,0.224,3.69,5.12,-0.46,7.69,5.03,0.0544,0.0451,1.21,0.0526,0.229,69640.9,1611840000.0,1.29,0.0754,0.0544
266,TRPL4,21.61,6.41,1.1,36.17,0.061500000000000006,0.635,4.55,5.25,-3.43,6.08,6.04,0.6888,0.571,2.71,0.1329,0.1716,37854600.0,12947300000.0,0.32,0.1459,0.6888
267,ELET3,36.4,6.63,0.75,17.47,0.0446,0.31,2.71,4.26,-0.95,6.8,5.97,0.4106,0.2674,1.8,0.082,0.1136,250792000.0,75808300000.0,0.68,-0.1715,0.4106
268,CESP6,30.86,6.66,1.41,56.36,0.0599,0.79,24.24,15.64,-2.27,17.2,10.53,0.3604,0.8458,1.56,0.0539,0.2114,65123300.0,7176750000.0,0.25,-0.046,0.3604
269,ELET6,36.92,6.73,0.76,17.72,0.0483,0.315,2.75,4.32,-0.96,6.86,6.02,0.4106,0.2674,1.8,0.082,0.1136,133385000.0,75808300000.0,0.68,-0.1715,0.4106
270,ELET5,39.01,7.11,0.81,18.73,0.0,0.332,2.91,4.56,-1.02,7.1,6.23,0.4106,0.2674,1.8,0.082,0.1136,5556.35,75808300000.0,0.68,-0.1715,0.4106
271,TAEE11,28.17,7.26,1.79,39.27,0.0857,0.717,3.66,6.83,-2.27,10.57,10.47,0.5748,0.5412,3.23,0.1188,0.247,73579600.0,5412410000.0,1.26,0.1447,0.5748
272,TAEE3,9.42,7.28,1.8,39.39,0.08539999999999999,0.719,3.67,6.85,-2.27,10.59,10.49,0.5748,0.5412,3.23,0.1188,0.247,677774.0,5412410000.0,1.26,0.1447,0.5748
273,TAEE4,9.5,7.34,1.81,39.73,0.08470000000000001,0.725,3.7,6.91,-2.29,10.65,10.55,0.5748,0.5412,3.23,0.1188,0.247,1182980.0,5412410000.0,1.26,0.1447,0.5748
274,CESP5,35.0,7.56,1.6,63.92,0.0529,0.896,27.49,17.74,-2.57,19.29,11.82,0.3604,0.8458,1.56,0.0539,0.2114,16514.8,7176750000.0,0.25,-0.046,0.3604
275,CESP3,35.76,7.72,1.63,65.3,0.051699999999999996,0.915,28.09,18.12,-2.63,19.68,12.06,0.3604,0.8458,1.56,0.0539,0.2114,447598.0,7176750000.0,0.25,-0.046,0.3604
276,TRPL3,26.11,7.74,1.33,43.7,0.0509,0.767,5.49,6.34,-4.15,7.17,7.12,0.6888,0.571,2.71,0.1329,0.1716,106502.0,12947300000.0,0.32,0.1459,0.6888
277,ENBR3,17.3,7.99,1.12,6.75,0.0337,0.386,6.55,4.35,-1.09,6.83,5.4,0.1554,0.0926,1.29,0.1053,0.1405,43167300.0,9346000000.0,0.91,0.1326,0.1554
278,EKTR4,20.89,8.17,1.42,6.13,0.0,0.457,19.65,3.88,-1.33,7.41,6.11,0.158,0.0751,1.07,0.1386,0.1735,7671.67,2857000000.0,1.55,0.0895,0.158
279,EQTL3,23.78,8.88,2.68,12.82,0.013500000000000002,0.593,4.87,4.48,-1.4,6.64,5.87,0.2858,0.162,1.65,0.1629,0.3013,166364000.0,8983150000.0,1.95,0.2783,0.2858
280,CEBR3,67.5,9.18,1.23,3.52,0.024700000000000003,0.274,7.17,5.85,-1.04,6.27,4.64,0.0602,0.0496,1.09,0.0565,0.1334,53639.7,794301000.0,0.58,0.0548,0.0602
281,CSRN6,16.73,9.39,2.31,11.09,0.0108,0.629,6.29,6.27,-1.28,9.57,7.85,0.177,0.1181,1.74,0.1148,0.2456,119.63,1219000000.0,1.5,0.1146,0.177
282,CEBR6,69.9,9.51,1.27,3.65,0.0263,0.283,7.43,6.05,-1.08,6.48,4.8,0.0602,0.0496,1.09,0.0565,0.1334,17764.4,794301000.0,0.58,0.0548,0.0602
283,CBEE3,16.2,9.68,0.73,4.57,0.0,0.241,-7.33,5.07,-0.59,13.07,7.18,0.0902,0.0472,0.89,0.0529,0.0758,12273.0,3678530000.0,1.24,0.0645,0.0902
284,ALUP4,6.98,9.74,1.16,12.59,0.033,0.307,2.66,2.93,-0.8,5.67,5.32,0.4299,0.272,2.17,0.1241,0.1186,221964.0,5311410000.0,1.6,0.35,0.4299
285,CSRN5,17.4,9.77,2.4,11.54,0.0104,0.654,6.54,6.52,-1.33,9.82,8.06,0.177,0.1181,1.74,0.1148,0.2456,374.65,1219000000.0,1.5,0.1146,0.177
286,EKTR3,24.99,9.77,1.69,7.34,0.0,0.547,23.51,4.64,-1.59,8.17,6.74,0.158,0.0751,1.07,0.1386,0.1735,849.56,2857000000.0,1.55,0.0895,0.158
287,CSRN3,17.89,10.04,2.47,11.86,0.0092,0.672,6.73,6.7,-1.37,10.0,8.21,0.177,0.1181,1.74,0.1148,0.2456,3916.44,1219000000.0,1.5,0.1146,0.177
288,NEOE3,18.9,10.34,1.14,8.15,0.0216,0.378,6.74,4.79,-0.94,9.34,7.08,0.1702,0.0814,1.28,0.0909,0.1104,53753100.0,20081000000.0,1.35,0.2041,0.1702
289,NEOE3,18.9,10.34,1.14,8.15,0.0216,0.378,6.74,4.79,-0.94,9.34,7.08,0.1702,0.0814,1.28,0.0909,0.1104,53753100.0,20081000000.0,1.35,0.2041,0.1702
290,ALUP11,23.52,10.94,1.3,14.15,0.029300000000000003,0.345,2.98,3.29,-0.89,6.03,5.66,0.4299,0.272,2.17,0.1241,0.1186,20760200.0,5311410000.0,1.6,0.35,0.4299
291,CEEB5,40.03,11.26,1.85,10.46,0.0,0.501,10.36,6.18,-1.04,10.77,8.19,0.1692,0.0929,1.24,0.0897,0.1639,752.54,5684000000.0,1.58,0.1091,0.1692
292,CPFE3,28.55,11.5,2.24,11.11,0.06309999999999999,0.645,9.98,7.03,-1.66,10.32,7.88,0.1579,0.1003,1.25,0.1171,0.1948,79531600.0,14677800000.0,1.62,0.1306,0.1579
293,CEEB3,41.0,11.53,1.89,10.72,0.012199999999999999,0.513,10.61,6.33,-1.06,10.92,8.3,0.1692,0.0929,1.24,0.0897,0.1639,3920.44,5684000000.0,1.58,0.1091,0.1692
294,COCE5,61.4,12.46,1.52,8.47,0.0346,0.504,-31.14,8.51,-1.35,13.01,8.53,0.0995,0.068,0.95,0.0667,0.1221,4012780.0,3142550000.0,0.91,0.0957,0.0995
295,EMAE4,29.9,12.65,1.08,25.43,0.0263,0.704,1.95,34.64,8.35,21.79,18.36,0.0734,0.2009,5.85,0.0294,0.0857,136997.0,1018770000.0,0.07,0.2459,0.0734
296,CEBR5,94.99,12.92,1.72,4.95,0.041299999999999996,0.385,10.09,8.23,-1.46,8.65,6.41,0.0602,0.0496,1.09,0.0565,0.1334,4059.67,794301000.0,0.58,0.0548,0.0602
297,EQPA3,3.47,13.26,2.28,13.72,0.0231,0.668,2.91,5.9,-1.99,7.55,6.04,0.2324,0.1035,2.61,0.1431,0.1723,150954.0,3356070000.0,1.2,0.0741,0.2324
298,EGIE3,43.11,13.34,4.73,33.28,0.0547,1.093,13.59,8.72,-2.11,11.74,9.53,0.3815,0.2496,1.47,0.1506,0.3549,86994500.0,7430560000.0,2.29,0.1406,0.3815
299,CMIG4,10.65,13.45,0.96,6.61,0.0473,0.308,3.17,4.62,-0.75,8.15,6.39,0.1431,0.0492,1.56,0.0743,0.0713,112336000.0,16872600000.0,0.94,0.0734,0.1431
300,CMIG3,10.83,13.68,0.97,6.73,0.04650000000000001,0.313,3.22,4.7,-0.77,8.23,6.45,0.1431,0.0492,1.56,0.0743,0.0713,18315700.0,16872600000.0,0.94,0.0734,0.1431
301,ALUP3,9.84,13.73,1.63,17.75,0.023399999999999997,0.432,3.74,4.13,-1.12,6.87,6.45,0.4299,0.272,2.17,0.1241,0.1186,170851.0,5311410000.0,1.6,0.35,0.4299
302,GEPA3,41.5,13.78,2.23,27.63,0.0799,0.866,-14.67,7.48,-3.03,7.52,5.3,0.3695,0.2006,0.85,0.2401,0.1616,8834.74,1760330000.0,0.72,0.0177,0.3695
303,ENMT4,29.9,14.25,2.81,13.5,0.001,0.752,12.67,8.82,-1.96,13.18,10.28,0.1531,0.0948,1.21,0.1034,0.1969,3486.53,2333400000.0,1.89,0.1026,0.1531
304,ENMT3,29.9,14.25,2.81,13.5,0.0231,0.752,12.67,8.82,-1.96,13.18,10.28,0.1531,0.0948,1.21,0.1034,0.1969,4439.02,2333400000.0,1.89,0.1026,0.1531
305,TIET4,2.98,14.98,3.82,29.4,0.0791,0.701,-64.37,7.26,-1.34,10.54,7.6,0.4048,0.1963,0.96,0.159,0.255,5097920.0,1556800000.0,3.04,0.0911,0.4048
306,TIET11,14.93,15.01,3.83,29.46,0.0789,0.703,-64.5,7.28,-1.34,10.56,7.61,0.4048,0.1963,0.96,0.159,0.255,40604300.0,1556800000.0,3.04,0.0911,0.4048
307,TIET3,3.01,15.13,3.86,29.7,0.0783,0.708,-65.02,7.34,-1.35,10.61,7.65,0.4048,0.1963,0.96,0.159,0.255,1352610.0,1556800000.0,3.04,0.0911,0.4048
308,GEPA4,45.85,15.22,2.46,30.53,0.0723,0.956,-16.21,8.26,-3.35,8.3,5.85,0.3695,0.2006,0.85,0.2401,0.1616,37136.5,1760330000.0,0.72,0.0177,0.3695
309,COCE3,79.02,16.03,1.96,10.91,0.0269,0.648,-40.07,10.96,-1.73,15.45,10.13,0.0995,0.068,0.95,0.0667,0.1221,19601.3,3142550000.0,0.91,0.0957,0.0995
310,ENGI4,7.85,16.93,2.33,7.26,0.015300000000000001,0.339,21.64,6.36,-0.6,13.19,8.61,0.1141,0.0459,1.06,0.0612,0.1374,209380.0,6121330000.0,3.12,0.1436,0.1141
311,ENGI11,44.35,19.13,2.63,8.2,0.013500000000000002,0.383,24.45,7.19,-0.67,14.01,9.15,0.1141,0.0459,1.06,0.0612,0.1374,84277000.0,6121330000.0,3.12,0.1436,0.1141
312,ENEV3,50.02,21.91,2.19,46.08,0.0,1.041,10.6,16.09,-3.29,20.52,13.53,0.2864,0.2098,1.9,0.0797,0.0997,73031900.0,7227790000.0,0.93,0.1861,0.2864
313,EQPA7,5.75,21.97,3.78,22.73,0.026099999999999998,1.106,4.82,9.78,-3.29,11.43,9.15,0.2324,0.1035,2.61,0.1431,0.1723,8043.91,3356070000.0,1.2,0.0741,0.2324
314,EQPA5,5.8,22.16,3.82,22.93,0.0207,1.116,4.86,9.87,-3.32,11.51,9.22,0.2324,0.1035,2.61,0.1431,0.1723,5793.88,3356070000.0,1.2,0.0741,0.2324
315,AFLT3,10.19,27.05,2.85,167.16,0.0642,2.716,7.7,27.42,8.42,24.73,24.73,0.6095,0.6179,20.69,0.1365,0.1055,35493.4,225320000.0,0.0,0.107,0.6095
316,ENGI3,13.25,28.58,3.93,12.26,0.0091,0.572,36.53,10.74,-1.0,17.56,11.47,0.1141,0.0459,1.06,0.0612,0.1374,151674.0,6121330000.0,3.12,0.1436,0.1141
317,LIPR3,84.99,31.06,5.04,0.0,0.0,4.373,0.0,58.49,0.0,53.21,53.21,0.0,0.0,0.0,0.0,0.1623,32170.3,198348000.0,0.0,0.0,0.0
318,EQPA6,10.68,40.81,7.03,42.23,0.0075,2.054,8.96,18.17,-6.12,19.82,15.87,0.2324,0.1035,2.61,0.1431,0.1723,24.84,3356070000.0,1.2,0.0741,0.2324
319,REDE3,10.45,43.8,5.96,20.34,0.0123,1.052,17.3,14.8,-2.29,19.43,13.64,0.1374,0.065,1.25,0.083,0.136,17142.0,3702250000.0,2.45,0.0918,0.1374
320,CPRE3,18.23,60.96,2.13,50.11,0.0,0.804,-70.71,13.46,-1.66,17.72,9.23,0.3722,0.0877,0.92,0.0661,0.0349,839.02,4467110000.0,0.91,0.0564,0.3722
321,OMGE3,39.21,271.45,0.024418900000000004,82.49,0.0,870.216,0.114492,23.19,-0.017050799999999998,23.2,16.73,0.3557,0.0363,2.47,41.7863,8.9957,36858500.0,2731860.0,1.61,0.5817,0.3557
322,AMBP3,29.71,0.0,14.42,0.0,0.0,3.556,14.29,0.0,-12.91,0.0,0.0,0.0,0.0,2.21,0.0,0.0,22774300.0,232724000.0,2.29,0.0,0.0
323,SAPR4,5.59,7.22,1.3,17.17,0.0375,0.659,24.11,4.26,-1.85,5.66,4.81,0.4033,0.2378,1.25,0.1691,0.1803,19160600.0,6489710000.0,0.56,0.1041,0.4033
324,SAPR11,28.5,7.36,1.33,17.5,0.0361,0.672,24.58,4.34,-1.89,5.74,4.88,0.4033,0.2378,1.25,0.1691,0.1803,74641700.0,6489710000.0,0.56,0.1041,0.4033
325,SAPR3,5.75,7.42,1.34,17.66,0.0331,0.678,24.8,4.38,-1.91,5.78,4.92,0.4033,0.2378,1.25,0.1691,0.1803,2076170.0,6489710000.0,0.56,0.1041,0.4033
326,CSMG3,50.2,8.42,0.91,12.07,0.0356,0.536,6.72,4.97,-2.34,6.82,4.57,0.2429,0.1433,1.77,0.1191,0.1085,54165300.0,6968270000.0,0.47,0.076,0.2429
327,SBSP3,50.21,17.28,1.61,18.47,0.0274,0.704,-49.04,5.85,-1.6,8.07,6.07,0.3158,0.1069,0.9,0.1305,0.0934,222891000.0,21275000000.0,0.77,0.0892,0.3158
328,CASN3,12.7,87.0,7.02,79.44,0.0033,2.455,77.36,31.9,-4.87,36.31,27.03,0.2491,0.0913,1.28,0.0824,0.0807,29.53,1294270000.0,1.13,0.0812,0.2491
329,CGAS3,176.35,17.41,25.32,26.45,0.1536,2.079,20.66,11.03,-4.49,13.36,11.5,0.2398,0.1519,1.28,0.277,1.4548,2350.78,922921000.0,7.95,0.1183,0.2398
330,CGAS5,188.38,18.59,27.05,28.25,0.1522,2.22,22.06,11.78,-4.8,14.12,12.14,0.2398,0.1519,1.28,0.277,1.4548,552.92,922921000.0,7.95,0.1183,0.2398
331,PINE4,2.91,-9.23,0.51,0.0,0.0,0.0,0.0,0.0,0.0,0.0,0.0,0.0,0.0,0.0,0.0,-0.0552,920124.0,845022000.0,0.0,-0.0508,0.0
332,IDVL3,2.56,-1.76,0.77,0.0,0.0,0.0,0.0,0.0,0.0,0.0,0.0,0.0,0.0,0.0,0.0,-0.4375,259315.0,288842000.0,0.0,0.0,0.0
333,IDVL4,2.56,-1.76,0.77,0.0,0.0,0.0,0.0,0.0,0.0,0.0,0.0,0.0,0.0,0.0,0.0,-0.4375,42750.4,288842000.0,0.0,0.0,0.0
334,BMGB4,5.12,0.0,0.75,0.0,0.041299999999999996,0.0,0.0,0.0,0.0,0.0,0.0,0.0,0.0,0.0,0.0,0.0,6600890.0,4036350000.0,0.0,0.0,0.0
335,BAZA3,37.99,3.55,0.51,0.0,0.0943,0.0,0.0,0.0,0.0,0.0,0.0,0.0,0.0,0.0,0.0,0.1438,115981.0,2205750000.0,0.0,-0.079,0.0
336,BNBR3,76.01,4.96,1.11,0.0,0.0358,0.0,0.0,0.0,0.0,0.0,0.0,0.0,0.0,0.0,0.0,0.2249,101484.0,5888600000.0,0.0,0.1232,0.0
337,BRSR6,13.36,5.12,0.66,0.0,0.051500000000000004,0.0,0.0,0.0,0.0,0.0,0.0,0.0,0.0,0.0,0.0,0.1298,30582600.0,8217060000.0,0.0,0.0727,0.0
338,BRSR3,14.96,5.74,0.74,0.0,0.046,0.0,0.0,0.0,0.0,0.0,0.0,0.0,0.0,0.0,0.0,0.1298,312179.0,8217060000.0,0.0,0.0727,0.0
339,BBAS3,32.45,5.77,0.89,0.0,0.056600000000000004,0.0,0.0,0.0,0.0,0.0,0.0,0.0,0.0,0.0,0.0,0.1536,563712000.0,105007000000.0,0.0,-0.0318,0.0
340,BMEB4,15.8,5.79,0.87,0.0,0.0434,0.0,0.0,0.0,0.0,0.0,0.0,0.0,0.0,0.0,0.0,0.1496,229007.0,955021000.0,0.0,0.0684,0.0
341,BGIP4,27.23,6.14,0.85,0.0,0.0288,0.0,0.0,0.0,0.0,0.0,0.0,0.0,0.0,0.0,0.0,0.1379,73601.6,491540000.0,0.0,0.1276,0.0
342,BMEB3,16.96,6.22,0.93,0.0,0.0368,0.0,0.0,0.0,0.0,0.0,0.0,0.0,0.0,0.0,0.0,0.1496,37070.3,955021000.0,0.0,0.0684,0.0
343,ABCB4,13.54,7.06,0.72,0.0,0.048,0.0,0.0,0.0,0.0,0.0,0.0,0.0,0.0,0.0,0.0,0.1023,11551200.0,4093300000.0,0.0,0.0277,0.0
344,BSLI4,92.01,7.29,1.8,0.0,0.062400000000000004,0.0,0.0,0.0,0.0,0.0,0.0,0.0,0.0,0.0,0.0,0.2462,423.3,1860250000.0,0.0,0.2211,0.0
345,BEES3,5.43,7.48,1.08,0.0,0.0493,0.0,0.0,0.0,0.0,0.0,0.0,0.0,0.0,0.0,0.0,0.1449,175572.0,1583940000.0,0.0,0.0935,0.0
346,SANB3,13.57,7.73,1.37,0.0,0.0984,0.0,0.0,0.0,0.0,0.0,0.0,0.0,0.0,0.0,0.0,0.1766,2535200.0,74512200000.0,0.0,-0.0913,0.0
347,CRIV3,5.27,7.75,0.56,0.0,0.0066,0.0,0.0,0.0,0.0,0.0,0.0,0.0,0.0,0.0,0.0,0.0722,33588.6,969432000.0,0.0,-0.0302,0.0
348,BEES4,5.74,7.9,1.14,0.0,0.0467,0.0,0.0,0.0,0.0,0.0,0.0,0.0,0.0,0.0,0.0,0.1449,23466.8,1583940000.0,0.0,0.0935,0.0
349,SANB11,28.4,8.09,1.43,0.0,0.09880000000000001,0.0,0.0,0.0,0.0,0.0,0.0,0.0,0.0,0.0,0.0,0.1766,87247800.0,74512200000.0,0.0,-0.0913,0.0
350,BRSR5,21.75,8.34,1.08,0.0,0.0337,0.0,0.0,0.0,0.0,0.0,0.0,0.0,0.0,0.0,0.0,0.1298,4279.56,8217060000.0,0.0,0.0727,0.0
351,BRGE12,6.09,8.36,0.37,120.76,0.0,0.058,0.95,-1.03,-0.68,2.99,3.0,-11.7258,2.2765,1.1,-0.0721,0.0438,37139.0,1224080000.0,0.0,0.0452,-11.7258
352,SANB4,14.94,8.51,1.5,0.0,0.0983,0.0,0.0,0.0,0.0,0.0,0.0,0.0,0.0,0.0,0.0,0.1766,2637810.0,74512200000.0,0.0,-0.0913,0.0
353,BRIV4,7.02,8.84,0.41,0.0,0.09720000000000001,0.0,0.0,0.0,0.0,0.0,0.0,0.0,0.0,0.0,0.0,0.0466,55233.2,1510290000.0,0.0,0.2311,0.0
354,CRIV4,6.34,9.32,0.67,0.0,0.0767,0.0,0.0,0.0,0.0,0.0,0.0,0.0,0.0,0.0,0.0,0.0722,15773.1,969432000.0,0.0,-0.0302,0.0
355,BBDC3,19.16,9.65,1.26,0.0,0.0819,0.0,0.0,0.0,0.0,0.0,0.0,0.0,0.0,0.0,0.0,0.1303,96991300.0,135134000000.0,0.0,0.2012,0.0
356,BRIV3,7.96,10.02,0.47,0.0,0.0,0.0,0.0,0.0,0.0,0.0,0.0,0.0,0.0,0.0,0.0,0.0466,29497.5,1510290000.0,0.0,0.2311,0.0
357,RPAD6,5.39,10.19,0.45,0.0207471,0.0001,0.44,-129.19,-106.82,-117.46,-104.89,-104.89,-19.4227,203.691,0.73,-0.0042,0.0437,6718.53,1024660000.0,0.0,0.0278,-19.4227
358,RPAD3,5.5,10.39,0.45,0.0211705,0.0001,0.449,-131.83,-109.0,-119.85,-107.07,-107.07,-19.4227,203.691,0.73,-0.0042,0.0437,20416.0,1024660000.0,0.0,0.0278,-19.4227
359,BRGE8,7.6,10.43,0.46,150.71,0.0387,0.072,1.18,-1.29,-0.85,2.73,2.74,-11.7258,2.2765,1.1,-0.0721,0.0438,20477.7,1224080000.0,0.0,0.0452,-11.7258
360,BBDC4,20.73,10.44,1.36,0.0,0.0833,0.0,0.0,0.0,0.0,0.0,0.0,0.0,0.0,0.0,0.0,0.1303,984522000.0,135134000000.0,0.0,0.2012,0.0
361,BGIP3,47.99,10.82,1.49,0.0,0.0148,0.0,0.0,0.0,0.0,0.0,0.0,0.0,0.0,0.0,0.0,0.1379,22688.7,491540000.0,0.0,0.1276,0.0
362,ITUB3,22.77,11.21,1.77,0.0,0.056100000000000004,0.0,0.0,0.0,0.0,0.0,0.0,0.0,0.0,0.0,0.0,0.1576,13187900.0,126416000000.0,0.0,-0.2241,0.0
363,ITSA4,9.61,11.55,1.53,161.59,0.0572,1.228,20.6,456.66,-25.87,463.21,94.89,0.0354,1.4426,2.36,0.0029,0.1324,299149000.0,52896000000.0,0.09,0.0142,0.0354
364,ITUB4,23.79,11.71,1.85,0.0,0.0537,0.0,0.0,0.0,0.0,0.0,0.0,0.0,0.0,0.0,0.0,0.1576,929916000.0,126416000000.0,0.0,-0.2241,0.0
365,BRGE3,9.0,12.35,0.54,178.47,0.0,0.085,1.4,-1.52,-1.01,2.5,2.51,-11.7258,2.2765,1.1,-0.0721,0.0438,33984.1,1224080000.0,0.0,0.0452,-11.7258
366,ITSA3,10.73,12.89,1.71,180.42,0.0512,1.371,23.0,509.88,-28.89,516.43,105.8,0.0354,1.4426,2.36,0.0029,0.1324,2920840.0,52896000000.0,0.09,0.0142,0.0354
367,BRGE11,10.5,14.41,0.63,208.21,0.0336,0.099,1.63,-1.78,-1.18,2.24,2.25,-11.7258,2.2765,1.1,-0.0721,0.0438,5836.49,1224080000.0,0.0,0.0452,-11.7258
368,BSLI3,189.0,14.98,3.69,0.0,0.0276,0.0,0.0,0.0,0.0,0.0,0.0,0.0,0.0,0.0,0.0,0.2462,2740.67,1860250000.0,0.0,0.2211,0.0
369,RPAD5,8.6,16.25,0.71,0.033103,0.061200000000000004,0.702,-206.13,-170.43,-187.41,-168.5,-168.5,-19.4227,203.691,0.73,-0.0042,0.0437,8306.7,1024660000.0,0.0,0.0278,-19.4227
370,BPAN4,8.45,16.52,1.99,0.0,0.019799999999999998,0.0,0.0,0.0,0.0,0.0,0.0,0.0,0.0,0.0,0.0,0.1206,34260400.0,5112740000.0,0.0,0.1497,0.0
371,BPAC5,17.72,19.66,1.88,0.0,0.022400000000000003,0.0,0.0,0.0,0.0,0.0,0.0,0.0,0.0,0.0,0.0,0.0956,296028.0,25573200000.0,0.0,0.6838,0.0
372,MERC4,12.2,20.17,0.89,0.0,0.0405,0.0,0.0,0.0,0.0,0.0,0.0,0.0,0.0,0.0,0.0,0.0441,75179.6,246977000.0,0.0,-0.1554,0.0
373,BRGE5,17.0,23.34,1.02,337.11,0.0,0.161,2.64,-2.87,-1.91,1.14,1.15,-11.7258,2.2765,1.1,-0.0721,0.0438,642.54,1224080000.0,0.0,0.0452,-11.7258
374,BPAC11,80.65,29.83,2.85,0.0,0.0148,0.0,0.0,0.0,0.0,0.0,0.0,0.0,0.0,0.0,0.0,0.0956,323886000.0,25573200000.0,0.0,0.6838,0.0
375,MERC3,21.01,34.74,1.53,0.0,0.0,0.0,0.0,0.0,0.0,0.0,0.0,0.0,0.0,0.0,0.0,0.0441,6806.67,246977000.0,0.0,-0.1554,0.0
376,BMIN4,18.94,44.32,0.74,0.0,0.0739,0.0,0.0,0.0,0.0,0.0,0.0,0.0,0.0,0.0,0.0,0.0167,28824.2,123747000.0,0.0,-0.1966,0.0
377,BMIN3,20.25,47.38,0.79,0.0,0.0,0.0,0.0,0.0,0.0,0.0,0.0,0.0,0.0,0.0,0.0,0.0167,96649.3,123747000.0,0.0,-0.1966,0.0
378,BPAC3,49.0,54.37,5.2,0.0,0.008100000000000001,0.0,0.0,0.0,0.0,0.0,0.0,0.0,0.0,0.0,0.0,0.0956,509864.0,25573200000.0,0.0,0.6838,0.0
379,BRGE6,44.99,61.76,2.71,892.14,0.015700000000000002,0.425,6.99,-7.61,-5.05,-3.59,-3.6,-11.7258,2.2765,1.1,-0.0721,0.0438,2331.93,1224080000.0,0.0,0.0452,-11.7258
380,BIDI3,19.14,556.7,6.4,0.0,0.0049,0.0,0.0,0.0,0.0,0.0,0.0,0.0,0.0,0.0,0.0,0.0115,5296190.0,2115160000.0,0.0,0.1558,0.0
381,BIDI11,60.41,585.69,6.73,0.0,0.0046,0.0,0.0,0.0,0.0,0.0,0.0,0.0,0.0,0.0,0.0,0.0115,35568500.0,2115160000.0,0.0,0.1558,0.0
382,BIDI4,20.71,602.36,6.92,0.0,0.0045000000000000005,0.0,0.0,0.0,0.0,0.0,0.0,0.0,0.0,0.0,0.0,0.0115,35257600.0,2115160000.0,0.0,0.1558,0.0
383,CIEL3,4.74,18.51,1.41,11.95,0.016399999999999998,0.176,2.02,11.37,-3.47,13.1,6.52,0.1051,0.0645,1.12,0.0775,0.0761,301258000.0,9145920000.0,0.95,-0.0518,0.1051
384,B3SA3,60.5,36.95,4.88,164.12,0.0239,2.819,29.14,29.27,-35.65,27.55,22.22,0.5608,0.4439,1.39,0.1419,0.132,694589000.0,25545600000.0,0.26,0.3569,0.5608
385,APER3,28.12,-91.81,1.84,34.17,0.0019,1.238,5.11,-102.74,19.01,-78.59,81.38,-0.0333,-0.0372,2.63,-0.0176,-0.02,2095690.0,175788000.0,0.0,-0.1222,-0.0333
386,PEAB3,60.0,-35.43,1.62,70.67,0.0604,1.221,3.87,-55.88,6.26,-48.49,-48.49,-0.1265,-0.2021,3.55,-0.027,-0.0458,1406.12,475574000.0,0.0,-0.1638,-0.1265
387,PEAB4,60.0,-35.43,1.62,70.67,0.0665,1.221,3.87,-55.88,6.26,-48.49,-48.49,-0.1265,-0.2021,3.55,-0.027,-0.0458,279.07,475574000.0,0.0,-0.1638,-0.1265
388,BBSE3,26.33,0.0,0.0,0.0,0.15710000000000002,0.0,0.0,0.0,0.0,0.0,0.0,0.0,0.0,0.0,0.0,0.0,116474000.0,0.0,0.0,0.0,0.0
389,CSAB3,50.0,0.0,0.0,0.0,0.0621,0.0,0.0,0.0,0.0,0.0,0.0,0.0,0.0,0.0,0.0,0.0,14662.9,0.0,0.0,0.0,0.0
390,IRBR3,7.69,0.0,0.0,0.0,0.061500000000000006,0.0,0.0,0.0,0.0,0.0,0.0,0.0,0.0,0.0,0.0,0.0,407450000.0,0.0,0.0,0.0,0.0
391,WIZS3,10.69,8.87,6.3,25.07,0.0626,2.603,-58.98,4.43,-11.1,4.12,3.64,0.5655,0.2905,0.88,0.7762,0.7101,10228200.0,271409000.0,0.0,0.1606,0.5655
392,PSSA3,56.03,11.44,2.13,10.03,0.039599999999999996,0.548,2.45,1.26,26.69,0.31,0.31,0.7949,0.0878,1.41,0.7399,0.1864,48166200.0,8496540000.0,0.0,0.034,0.7949
393,SULA4,13.16,12.19,2.08,7.26,0.0298,0.546,1.59,12.62,-21.3,2.14,1.97,0.0575,0.0595,1.93,0.0921,0.1704,162729.0,7490030000.0,0.29,0.0838,0.0575
394,SULA11,44.62,13.78,2.35,8.2,0.0264,0.618,1.8,14.26,-24.08,3.79,3.47,0.0575,0.0595,1.93,0.0921,0.1704,151574000.0,7490030000.0,0.29,0.0838,0.0575
395,SULA3,18.14,16.81,2.86,10.0,0.0216,0.753,2.19,17.39,-29.37,6.92,6.35,0.0575,0.0595,1.93,0.0921,0.1704,133031.0,7490030000.0,0.29,0.0838,0.0575
396,GSHP3,48.0,-0.19,-0.19,8.7,0.0,0.053,0.69,5.76,-0.05,99.67,86.8,0.1512,-4.592,1.47,0.011,1.0157,46277.9,-481154000.0,-3.7,-0.1949,0.1512
397,BRPR3,9.26,9.97,0.64,136.15,0.0092,0.459,3.36,20.91,-3.69,23.23,23.23,0.651,1.3656,9.43,0.0252,0.0637,28484500.0,7166500000.0,0.25,-0.1178,0.651
398,IGTA3,33.47,23.15,1.95,83.55,0.0125,0.946,7.24,16.38,-3.26,21.06,15.18,0.5101,0.3639,2.44,0.0709,0.084,73080500.0,3039080000.0,0.93,0.0239,0.5101
399,MULT3,21.51,25.22,2.2,102.67,0.013300000000000001,1.228,18.73,16.05,-4.3,19.07,14.83,0.6398,0.4065,1.73,0.0863,0.0871,126855000.0,5884370000.0,0.6,0.0413,0.6398
400,AHEB6,25.0,31.09,9.85,23.37,0.0,0.797,-12.05,26.37,-1.08,23.2,23.2,0.0886,0.0752,0.73,0.0363,0.3169,300.65,21683000.0,0.0,-0.1939,0.0886
401,AGRO3,21.0,32.25,1.18,19.86,0.0405,0.674,4.78,8.78,-4.77,12.45,10.78,0.2263,0.1867,1.96,0.0844,0.0367,3911980.0,1103450000.0,0.57,0.1549,0.2263
402,LOGG3,31.83,32.56,1.1,238.78,0.0067,0.808,6.35,30.76,-11.38,34.23,34.0,0.7762,0.7582,3.04,0.03,0.0338,15197900.0,2957040000.0,0.29,0.0898,0.7762
403,AHEB3,28.7,35.69,11.31,26.83,0.0,0.915,-13.84,30.28,-1.24,27.1,27.1,0.0886,0.0752,0.73,0.0363,0.3169,22080.9,21683000.0,0.0,-0.1939,0.0886
404,CCPR3,15.31,37.87,1.33,51.98,0.0032,0.472,3.89,10.7,-2.01,14.37,11.5,0.4858,0.2674,4.14,0.0513,0.035,4130650.0,1830530000.0,0.85,0.0352,0.4858
405,BRML3,9.43,49.92,0.78,74.08,0.0,0.441,8.25,11.18,-1.36,14.17,13.69,0.6626,0.224,2.89,0.0423,0.0157,171775000.0,10538200000.0,0.32,-0.039,0.6626
406,SCAR3,39.36,56.06,1.52,72.73,0.009300000000000001,0.728,7.7,14.65,-2.21,21.71,16.73,0.4964,0.1331,2.02,0.0584,0.027,420854.0,1499310000.0,1.04,-0.0385,0.4964
407,ALSO3,26.6,72.2,1.08,74.19,0.0,0.647,4.5,15.47,-4.71,12.55,8.61,0.4797,0.1251,9.44,0.0478,0.0149,47555200.0,6576040000.0,0.0,0.2449,0.4797
408,MOAR3,195.0,-35.06,2.73,0.0266623,0.031400000000000004,1.591,6.45,-49.75,-96.18,-44.67,-45.45,-53.5938,-77.7176,2.61,-0.0503,-0.0778,86982.3,876077000.0,0.34,-0.2983,-53.5938
409,BAHI3,122.04,-14.73,2.74,33.67,0.0,0.65,-10.34,-29.89,-1.07,-28.19,-34.13,-0.1126,-0.2267,0.69,-0.0242,-0.1858,139273.0,98985000.0,0.25,1.5525,-0.1126
410,HBTS5,25.0,-3.47,0.98,95.57,0.002,0.184,-1.62,-3.72,-0.28,-5.73,-5.86,-2.5693,-2.7476,0.56,-0.0501,-0.2816,106168.0,233449000.0,0.55,-0.2145,-2.5693
411,GPIV33,5.56,-3.47,0.41,-28.69,0.0,0.193,0.76,-1.38,2.36,0.44,0.44,2.0767,2.4815,16.05,-0.1893,-0.1183,370305.0,1485140000.0,0.0,-0.1062,2.0767
412,JBDU3,2.55,-2.95,0.19,0.0,0.0,0.067,0.0,-3.76,0.0,-5.11,-5.11,0.0,0.0,0.0,0.0,-0.0642,22083.4,67653000.0,0.0,0.0,0.0
413,JBDU4,1.37,-1.58,0.1,0.0,0.0,0.036,0.0,-2.02,0.0,-3.37,-3.37,0.0,0.0,0.0,0.0,-0.0642,78139.7,67653000.0,0.0,0.0,0.0
414,BTTL3,8.05,6.17,12.2,6.22,0.0,0.878,-29.1,8.14,-1.6,10.5,10.5,0.0764,0.1009,0.93,0.1261,1.9768,111578.0,9807000.0,4.27,-0.0265,0.0764
415,BRAP3,40.01,43.79,1.27,0.0,0.0182,1.213,0.0,-774.12,0.0,-775.79,-775.79,0.0,0.0,0.0,0.0,0.029,666016.0,10969800000.0,0.0,0.0,0.0
416,BRAP4,44.77,49.0,1.42,0.0,0.0179,1.357,0.0,-866.22,0.0,-867.89,-867.89,0.0,0.0,0.0,0.0,0.029,103539000.0,10969800000.0,0.0,0.0,0.0
417,UGPA3,19.6,93.72,2.4,2.6,0.012199999999999999,0.641,2.38,13.66,-2.45,21.52,12.33,0.019,0.0031,2.41,0.0651,0.0256,122956000.0,9116420000.0,2.14,0.0302,0.019
418,MAPT4,47.0,-234.75,-7.64,0.0,0.0,55.877,0.0,-266.62,0.0,-266.62,-266.62,0.0,0.0,0.0,0.0,0.0325,32804.8,-5657000.0,0.0,0.0,0.0
419,TELB3,161.98,-173.71,6.84,445.85,0.0,2.573,11.21,-40.61,-7.67,-38.46,-131.11,-1.098,-0.2567,4.88,-0.0813,-0.0394,383641.0,1606030000.0,0.18,0.2757,-1.098
420,TELB4,38.35,-41.13,1.62,105.56,0.0,0.609,2.65,-9.61,-1.82,-7.47,-25.47,-1.098,-0.2567,4.88,-0.0813,-0.0394,2801660.0,1606030000.0,0.18,0.2757,-1.098
421,TESA3,17.36,-3.02,0.49,3.2,0.0,0.154,-14.67,2.16,-0.38,7.67,5.61,0.148,-0.1059,0.96,0.0814,-0.1616,1047140.0,769534000.0,1.25,0.0981,0.148
422,FRTA3,4.7,14.12,-0.14,8.92,0.0,0.267,-0.12,-3.7,-0.1,-28.58,-41.42,-0.2412,0.0632,0.07,-0.0849,-0.0099,30287.0,-67585000.0,-0.95,-0.3682,-0.2412
423,SLCE3,24.73,14.13,1.65,13.95,0.0319,0.615,3.51,8.22,-4.47,10.96,9.15,0.1696,0.1019,1.61,0.0887,0.1166,28594400.0,2859830000.0,0.86,0.2103,0.1696
