,Papel,Cotação,P/L,P/VP,PSR,Div.Yield,P/Ativo,P/Cap.Giro,P/EBIT,P/Ativ Circ.Liq,EV/EBIT,EV/EBITDA,Mrg Ebit,Mrg. Líq.,Liq. Corr.,ROIC,ROE,Liq.2meses,Patrim. Líq,Dív.Brut/ Patrim.,Cresc. Rec.5a
0,PETR3,2276,-873.0,122.0,1076.0,"1,92%",292,514.0,347,-52.0,804,457,"30,96%","-12,74%",140,"9,66%","-14,00%",340.388.00000,242.766.000.00000,206,"-0,08%"
1,PETR4,2222,-853.0,119.0,1050.0,"2,79%",286,502.0,339,-51.0,796,452,"30,96%","-12,74%",140,"9,66%","-14,00%",1.323.950.00000,242.766.000.00000,206,"-0,08%"
2,RPMG3,303,-139.0,-7.0,392.0,"0,00%",77,-8.0,-372,-7.0,-372,-372,"-10,54%","-28,11%",49,"-2,10%","5,12%",357.13200,-2.875.230.00000,0,"-2,56%"
3,DMMO3,127,-49.0,-32.0,956.0,"0,00%",284,-69.0,-338,-17.0,-897,-2291,"-28,31%","-194,13%",29,"-12,01%","65,95%",6.088.18000,-1.055.770.00000,-61,"3,36%"
4,OSXB3,440,-3.0,0.0,1289.0,"0,00%",7,-3.0,-132,0.0,-42284,-42667,"-97,47%","-4.907,86%",3,"-0,59%","10,83%",57.10230,-4.737.600.00000,-93,"-48,68%"
5,ENAT3,1217,928.0,111.0,2578.0,"9,39%",702,233.0,1017,1402.0,588,215,"25,35%","27,79%",355,"11,03%","11,98%",20.092.70000,2.910.700.00000,8,"28,98%"
6,PRIO3,4383,1345.0,246.0,4249.0,"0,00%",952,15838.0,3607,-237.0,5020,903,"11,78%","31,58%",103,"2,85%","18,27%",135.153.00000,2.580.170.00000,110,"51,08%"
7,BRDT3,2173,1365.0,258.0,299.0,"4,44%",915,322.0,2333,-647.0,2694,1794,"1,28%","2,19%",229,"5,15%","18,89%",148.971.00000,9.813.000.00000,94,"-3,67%"
8,MMXM3,175,-6.0,-1.0,22307.0,"0,00%",91,-1.0,-11,-1.0,-247,-247,"-20.051,70%","-35.805,30%",3,"-139,55%","22,70%",40.96020,-800.741.00000,-30,"9,46%"
9,AURA32,6500,0.0,0.0,0.0,"0,00%",0,0.0,0,0.0,0,0,"0,00%","0,00%",120,"0,00%","0,00%",6.599.85000,992.383.00000,39,"0,00%"
10,VALE3,6175,5093.0,175.0,2128.0,"2,29%",717,651.0,515,-199.0,570,456,"41,35%","2,47%",182,"17,01%","3,43%",1.763.570.00000,186.959.000.00000,54,"14,97%"
11,CSNA3,1461,-2103.0,488.0,842.0,"2,11%",369,569.0,478,-61.0,1199,853,"17,63%","-2,50%",129,"9,52%","-23,21%",163.346.00000,4.153.210.00000,891,"12,78%"
12,USIM3,1020,-1407.0,94.0,916.0,"0,39%",476,199.0,1627,-582.0,2100,919,"5,63%","-4,94%",314,"3,38%","-6,69%",1.873.66000,13.572.200.00000,46,"14,39%"
13,USIM5,974,-1344.0,90.0,875.0,"0,45%",455,190.0,1554,-556.0,2027,887,"5,63%","-4,94%",314,"3,38%","-6,69%",169.652.00000,13.572.200.00000,46,"14,39%"
14,USIM6,936,-1291.0,86.0,840.0,"0,46%",437,182.0,1493,-534.0,1966,861,"5,63%","-4,94%",314,"3,38%","-6,69%",34951,13.572.200.00000,46,"14,39%"
15,PMAM3,1143,-53.0,-249.0,111.0,"0,00%",129,-23.0,-233,-20.0,-1512,-4833,"-4,75%","-20,84%",42,"-6,67%","468,79%",2.186.02000,-199.495.00000,-1498,"0,44%"
16,MGEL4,562,-36.0,-7.0,56.0,"0,00%",83,29.0,53,-5.0,1186,912,"10,72%","-16,58%",223,"21,17%","19,81%",71.28070,-461.467.00000,-165,"7,34%"
17,PATI3,2225,386.0,77.0,392.0,"0,81%",345,72.0,814,151.0,853,715,"4,82%","10,17%",260,"8,40%","20,05%",105.23400,525.461.00000,75,"15,07%"
18,PATI4,2900,503.0,101.0,511.0,"4,83%",450,93.0,1061,197.0,1100,922,"4,82%","10,17%",260,"8,40%","20,05%",36.32310,525.461.00000,75,"15,07%"
19,FESA4,1788,961.0,92.0,1147.0,"4,36%",538,439.0,1023,-490.0,1233,554,"11,21%","11,96%",168,"5,96%","9,58%",4.058.32000,1.715.960.00000,35,"7,91%"
20,TKNO4,3908,1015.0,63.0,744.0,"0,92%",528,133.0,1230,150.0,939,567,"6,04%","7,32%",437,"5,34%","6,22%",64298,182.419.00000,2,"10,39%"
21,FESA3,2605,1400.0,134.0,1671.0,"2,72%",784,639.0,1491,-714.0,1701,764,"11,21%","11,96%",168,"5,96%","9,58%",4.64002,1.715.960.00000,35,"7,91%"
22,GOAU3,786,2581.0,77.0,228.0,"0,51%",136,73.0,465,-81.0,1249,567,"4,91%","2,46%",215,"3,52%","2,97%",822.66400,11.138.400.00000,188,"-0,35%"
23,GOAU4,889,2919.0,87.0,258.0,"0,45%",154,83.0,526,-92.0,1310,595,"4,91%","2,46%",215,"3,52%","2,97%",122.758.00000,11.138.400.00000,188,"-0,35%"
24,GGBR3,1630,3056.0,93.0,749.0,"0,43%",448,242.0,1517,-265.0,2299,1046,"4,93%","2,48%",214,"3,54%","3,05%",2.068.34000,30.051.600.00000,70,"-0,35%"
25,GGBR4,1954,3664.0,112.0,898.0,"0,36%",537,290.0,1819,-318.0,2600,1184,"4,93%","2,48%",214,"3,54%","3,05%",270.107.00000,30.051.600.00000,70,"-0,35%"
26,BRKM3,2328,-179.0,-549.0,373.0,"3,60%",219,188.0,1136,-32.0,2966,885,"3,28%","-21,80%",146,"2,80%","306,76%",409.66200,-3.380.230.00000,-1409,"1,92%"
27,BRKM5,2271,-175.0,-536.0,363.0,"3,69%",214,183.0,1108,-31.0,2938,876,"3,28%","-21,80%",146,"2,80%","306,76%",62.269.30000,-3.380.230.00000,-1409,"1,92%"
28,BRKM6,1800,-138.0,-425.0,288.0,"3,37%",170,145.0,878,-25.0,2708,808,"3,28%","-21,80%",146,"2,80%","306,76%",30484,-3.380.230.00000,-1409,"1,92%"
29,FHER3,292,29.0,-91.0,110.0,"0,00%",101,85.0,-194,-16.0,-341,-536,"-5,65%","37,67%",135,"-6,47%","-310,92%",420.29100,-173.608.00000,-82,"-29,67%"
30,NUTR3,16001,56.0,150.0,298.0,"0,00%",342,167.0,-3471,-128.0,-4852,-31459,"-0,86%","53,40%",168,"-1,19%","268,91%",154.14400,13.630.00000,64,"21,68%"
31,CRPG5,2085,598.0,100.0,1177.0,"0,67%",718,107.0,982,141.0,796,573,"11,98%","19,69%",648,"8,85%","16,73%",148.22600,605.213.00000,1,"16,64%"
32,CRPG6,2155,618.0,103.0,1216.0,"0,65%",742,111.0,1015,146.0,829,596,"11,98%","19,69%",648,"8,85%","16,73%",15.35370,605.213.00000,1,"16,64%"
33,CRPG3,2410,691.0,116.0,1360.0,"0,00%",830,124.0,1135,163.0,949,683,"11,98%","19,69%",648,"8,85%","16,73%",3.81512,605.213.00000,1,"16,64%"
34,GPCP3,5750,1279.0,190.0,425.0,"0,53%",417,702.0,686,-108.0,1004,724,"6,19%","3,50%",119,"6,72%","14,88%",1.430.36000,189.388.00000,109,"21,64%"
35,ELEK3,1911,2446.0,266.0,619.0,"2,25%",1067,375.0,5211,-11034.0,6577,2615,"1,19%","2,53%",194,"2,52%","10,87%",27093,226.327.00000,99,"5,69%"
36,ELEK4,2600,3327.0,362.0,842.0,"1,65%",1452,510.0,7089,-15012.0,8456,3361,"1,19%","2,53%",194,"2,52%","10,87%",6047,226.327.00000,99,"5,69%"
37,UNIP5,2951,8212.0,201.0,920.0,"2,48%",687,670.0,910,-239.0,911,558,"10,11%","1,32%",138,"10,01%","2,45%",18.20230,1.401.020.00000,54,"34,53%"
38,UNIP6,2990,8320.0,204.0,932.0,"1,48%",696,679.0,922,-242.0,923,566,"10,11%","1,32%",138,"10,01%","2,45%",5.674.02000,1.401.020.00000,54,"34,53%"
39,UNIP3,3555,9892.0,243.0,1109.0,"1,13%",827,807.0,1096,-287.0,1098,672,"10,11%","1,32%",138,"10,01%","2,45%",746.16700,1.401.020.00000,54,"34,53%"
40,RANI4,739,-6982.0,513.0,2108.0,"0,40%",1209,1671.0,1255,-273.0,1704,961,"16,79%","-3,02%",129,"10,94%","-7,35%",127.42500,369.771.00000,213,"4,98%"
41,RANI3,469,-4431.0,326.0,1338.0,"0,63%",767,1060.0,797,-173.0,1246,702,"16,79%","-3,02%",129,"10,94%","-7,35%",9.312.91000,369.771.00000,213,"4,98%"
42,KLBN3,555,-1099.0,1104.0,2867.0,"1,72%",827,258.0,1341,-159.0,2247,1082,"21,38%","-25,02%",565,"8,81%","-100,49%",1.704.05000,2.788.350.00000,1100,"15,22%"
43,KLBN11,2618,-1037.0,1042.0,2705.0,"1,83%",780,243.0,1265,-150.0,2171,1045,"21,38%","-25,02%",565,"8,81%","-100,49%",137.529.00000,2.788.350.00000,1100,"15,22%"
44,KLBN4,516,-1022.0,1027.0,2666.0,"1,85%",769,240.0,1247,-148.0,2153,1036,"21,38%","-25,02%",565,"8,81%","-100,49%",7.463.83000,2.788.350.00000,1100,"15,22%"
45,MSPA3,4950,-745.0,36.0,2628.0,"0,00%",222,459.0,-898,-71.0,-968,-1697,"-29,27%","-35,29%",274,"-2,56%","-4,90%",11512,869.463.00000,7,"-25,65%"
46,MSPA4,4880,-734.0,36.0,2591.0,"0,00%",219,453.0,-885,-70.0,-955,-1674,"-29,27%","-35,29%",274,"-2,56%","-4,90%",92461,869.463.00000,7,"-25,65%"
47,SUZB3,5176,-396.0,2828.0,2461.0,"0,00%",649,884.0,1427,-84.0,2808,1280,"17,24%","-62,03%",157,"5,26%","-713,28%",308.555.00000,2.491.440.00000,3236,"30,46%"
48,EUCA4,640,713.0,42.0,385.0,"0,00%",236,-14232.0,360,-154.0,643,643,"10,69%","4,67%",99,"7,01%","5,96%",494.45500,1.395.980.00000,35,"7,58%"
49,EUCA3,2380,2651.0,158.0,1433.0,"0,00%",878,-52925.0,1340,-572.0,1622,1622,"10,69%","4,67%",99,"7,01%","5,96%",196.08600,1.395.980.00000,35,"7,58%"
50,DTEX3,1630,3309.0,239.0,2254.0,"2,29%",1028,650.0,3376,-493.0,4028,1327,"6,68%","6,81%",178,"3,82%","7,22%",49.811.70000,4.721.980.00000,80,"7,77%"
51,MTIG4,4311,94.0,34.0,75.0,"0,00%",82,-26.0,-233,-18.0,-1657,51786,"-3,24%","8,03%",48,"-4,05%","35,81%",11.2866,30.881.60000,207,"0,97%"
52,RCSL4,146,-3467.0,-162.0,5705.0,"0,00%",2916,-922.0,37024,-120.0,36839,14104,"1,54%","-16,50%",54,"0,82%","4,67%",9.970.42000,-68.396.00000,0,"185,53%"
53,TUPY3,1706,-1626.0,104.0,584.0,"0,00%",407,144.0,1040,-457.0,1555,637,"5,61%","-3,59%",220,"5,35%","-6,38%",16.554.70000,2.370.790.00000,105,"9,01%"
54,MYPK3,1196,-1026.0,49.0,222.0,"5,55%",155,239.0,3403,-53.0,10132,1044,"0,65%","-1,34%",121,"0,56%","-4,76%",30.313.20000,3.762.400.00000,134,"7,07%"
55,MWET3,6414,-339.0,-61.0,758.0,"0,00%",755,-104.0,-1125,-38.0,-1743,-2820,"-6,74%","-22,36%",25,"-8,21%","18,07%",95.71760,-215.261.00000,-35,"8,36%"
56,EMBR3,731,-131.0,34.0,482.0,"0,00%",96,31.0,3097,-78.0,8738,970,"1,56%","-36,61%",207,"0,42%","-26,25%",99.616.00000,15.779.800.00000,132,"-15,73%"
57,MWET4,691,-37.0,-7.0,82.0,"0,00%",81,-11.0,-121,-4.0,-740,-1197,"-6,74%","-22,36%",25,"-8,21%","18,07%",849.48300,-215.261.00000,-35,"8,36%"
58,PLAS3,470,184.0,-43.0,161.0,"0,00%",101,-47.0,-105,-10.0,-368,1298,"-15,35%","8,75%",45,"-10,50%","-23,29%",25.70630,-136.260.00000,-123,"-1,44%"
59,RSUL4,14593,476.0,1452.0,525.0,"0,00%",434,-165.0,371,-66.0,381,309,"14,15%","11,04%",54,"12,16%","305,14%",2.78742,5.859.00000,72,"12,14%"
60,RAPT3,900,1641.0,178.0,654.0,"2,90%",451,122.0,767,-766.0,1050,739,"8,53%","4,77%",252,"9,38%","10,87%",99.92180,1.744.560.00000,191,"16,18%"
61,LEVE3,1726,1885.0,170.0,1018.0,"3,70%",858,410.0,841,2137.0,911,658,"12,10%","5,27%",163,"13,28%","9,03%",9.035.56000,1.300.220.00000,49,"-0,12%"
62,RAPT4,1121,2044.0,222.0,815.0,"2,33%",561,152.0,955,-954.0,1238,872,"8,53%","4,77%",252,"9,38%","10,87%",34.452.00000,1.744.560.00000,191,"16,18%"
63,POMO3,267,2287.0,102.0,633.0,"3,86%",435,185.0,1184,-997.0,1795,1248,"5,35%","2,66%",182,"4,61%","4,48%",838.29100,2.469.380.00000,86,"14,81%"
64,POMO4,279,2390.0,107.0,662.0,"3,69%",455,194.0,1237,-1042.0,1848,1285,"5,35%","2,66%",182,"4,61%","4,48%",28.800.60000,2.469.380.00000,86,"14,81%"
65,FRAS3,511,4006.0,133.0,839.0,"1,41%",561,175.0,1107,-951.0,1337,746,"7,58%","1,45%",266,"6,87%","3,32%",475.59900,835.771.00000,79,"13,63%"
66,FRIO3,8998,-322.0,-1186.0,264.0,"0,00%",207,-20161.0,656,-80.0,2218,1155,"4,02%","-7,60%",100,"5,26%","367,84%",25.3565,-31.172.00000,-4041,"9,39%"
67,NORD3,540,-11.9178,-26.0,23097.0,"0,00%",2100,-74.0,-5130,-23.0,-10453,-10453,"-45,03%","-0,19%",2,"-4,19%","0,00%",22.51900,-139.342.00000,-27,"116,60%"
68,TASA4,640,-463.0,-154.0,458.0,"0,00%",461,485.0,346,-73.0,836,747,"13,24%","-9,89%",117,"16,05%","33,25%",9.156.14000,-367.967.00000,-247,"8,30%"
69,TASA3,570,-412.0,-137.0,408.0,"0,00%",411,432.0,308,-65.0,798,713,"13,24%","-9,89%",117,"16,05%","33,25%",710.56200,-367.967.00000,-247,"8,30%"
70,LUPA3,237,-85.0,81.0,4637.0,"0,00%",121,47.0,-186,-26.0,-680,-952,"-249,89%","-533,34%",291,"-6,69%","-95,13%",1.517.35000,75.601.00000,219,"-42,97%"
71,BDLL3,2400,-20.0,-34.0,933.0,"0,00%",52,-19.0,-97,-7.0,-691,-836,"-95,99%","-472,75%",60,"-6,50%","173,42%",1.28349,-112.189.00000,-211,"-43,54%"
72,INEP3,619,-11.0,-3.0,3864.0,"0,00%",36,-3.0,-16,-2.0,-217,-225,"-2.486,73%","-3.432,24%",12,"-25,30%","23,02%",24.66830,-2.016.000.00000,-33,"-52,36%"
73,INEP4,563,-10.0,-2.0,3514.0,"0,00%",33,-2.0,-14,-1.0,-215,-224,"-2.486,73%","-3.432,24%",12,"-25,30%","23,02%",55.71820,-2.016.000.00000,-33,"-52,36%"
74,BDLL4,800,-7.0,-11.0,311.0,"0,00%",17,-6.0,-32,-2.0,-626,-757,"-95,99%","-472,75%",60,"-6,50%","173,42%",61.05090,-112.189.00000,-211,"-43,54%"
75,MTSA4,2395,550.0,81.0,715.0,"3,34%",573,113.0,971,121.0,812,572,"7,36%","12,99%",296,"7,74%","14,66%",191.96500,271.320.00000,16,"9,93%"
76,ROMI3,1240,788.0,96.0,929.0,"10,08%",507,201.0,1290,506.0,1771,1129,"7,20%","11,82%",179,"4,54%","12,22%",3.485.78000,809.051.00000,53,"7,29%"
77,EALT4,535,808.0,71.0,460.0,"1,12%",294,-6816.0,497,-184.0,798,553,"9,27%","5,70%",99,"6,78%","8,83%",230.80700,168.715.00000,65,"23,04%"
78,SHUL4,1188,1313.0,162.0,1116.0,"1,77%",675,186.0,1422,1254.0,1672,1067,"7,84%","8,50%",233,"7,33%","12,32%",2.687.63000,656.151.00000,103,"18,94%"
79,BALM4,1178,1659.0,109.0,784.0,"2,21%",566,193.0,1275,339.0,1471,1109,"6,15%","3,33%",191,"5,04%","6,60%",171.68000,105.487.00000,32,"7,14%"
80,KEPL3,4413,1905.0,236.0,2110.0,"0,89%",1594,840.0,2229,1116.0,2090,1337,"9,46%","11,08%",168,"9,29%","12,41%",5.238.68000,491.331.00000,12,"-0,92%"
81,EALT3,1310,1978.0,175.0,1127.0,"0,42%",720,-16690.0,1216,-450.0,1517,1052,"9,27%","5,70%",99,"6,78%","8,83%",30.65700,168.715.00000,65,"23,04%"
82,BALM3,1672,2354.0,155.0,1112.0,"1,56%",803,273.0,1809,481.0,2006,1512,"6,15%","3,33%",191,"5,04%","6,60%",36.62950,105.487.00000,32,"7,14%"
83,WEGE3,6643,7443.0,1345.0,9352.0,"0,67%",7742,2271.0,5502,4043.0,5474,4702,"17,00%","12,81%",231,"17,81%","18,08%",350.041.00000,10.362.300.00000,21,"11,89%"
84,PRNR3,995,-2152.0,173.0,1294.0,"0,00%",1095,213.0,-4638,317.0,-3775,2514,"-2,79%","-7,93%",356,"-4,30%","-8,03%",3.735.60000,219.095.00000,36,"0,34%"
85,DTCY3,730,-784.0,941.0,3484.0,"0,00%",1860,-878.0,-2108,-354.0,-2087,10443,"-16,52%","-44,45%",57,"-10,59%","-120,08%",38.18380,6.041.00000,39,"4,27%"
86,VLID3,1058,-675.0,65.0,377.0,"6,62%",249,183.0,568,-166.0,1181,575,"6,65%","-5,73%",142,"5,80%","-9,70%",10.509.30000,1.151.140.00000,119,"3,68%"
87,ALPK3,969,0.0,245.0,0.0,"0,00%",598,-327.0,0,-98.0,0,0,"0,00%","0,00%",44,"0,00%","0,00%",448.63400,766.581.00000,215,"0,00%"
88,CARD3,1676,1833.0,256.0,1564.0,"1,62%",1317,3774.0,1250,-834.0,1334,653,"12,51%","8,53%",112,"13,93%","13,99%",4.110.69000,273.147.00000,45,"-2,23%"
89,WLMM3,1700,1146.0,141.0,596.0,"1,88%",1071,369.0,1131,531.0,968,908,"5,27%","5,20%",292,"12,28%","12,29%",70.77,439.677.00000,7,"26,60%"
90,WLMM4,1874,1263.0,155.0,657.0,"1,88%",1180,407.0,1247,585.0,1084,1017,"5,27%","5,20%",292,"12,28%","12,29%",70.3914,439.677.00000,7,"26,60%"
91,GFSA3,526,-28028.0,88.0,2851.0,"0,00%",365,116.0,2649,250.0,2916,2332,"10,76%","-1,15%",176,"1,83%","-0,31%",49.727.90000,1.175.850.00000,57,"-24,38%"
92,RDNI3,1059,-10805.0,77.0,1348.0,"0,09%",297,169.0,2231,-141.0,4011,3265,"6,04%","-0,92%",179,"1,44%","-0,71%",528.51300,603.221.00000,76,"-9,11%"
93,TCNO3,215,-4925.0,5391.0,0.0,"0,00%",61,0.0,-234,0.0,-784,-907,"0,00%","0,00%",0,"0,00%","-109,47%",98.21190,264.00000,0,"-71,86%"
94,LPSB3,500,-4637.0,459.0,5071.0,"0,00%",1978,648.0,3353,-1717.0,2741,1429,"15,12%","-3,75%",292,"9,71%","-9,90%",9.272.59000,160.774.00000,3,"-3,22%"
95,TCNO4,152,-3482.0,3812.0,0.0,"0,00%",43,0.0,-165,0.0,-716,-827,"0,00%","0,00%",0,"0,00%","-109,47%",148.89500,264.00000,0,"-71,86%"
96,MILS3,679,-3467.0,156.0,2886.0,"0,00%",1171,594.0,-4978,1908.0,-4838,1210,"-5,80%","-8,32%",270,"-3,01%","-4,51%",18.175.50000,1.093.250.00000,22,"0,59%"
97,HBOR3,1279,-2727.0,139.0,1474.0,"0,00%",385,78.0,-4761,519.0,-7337,-9240,"-3,10%","-5,52%",324,"-0,95%","-5,09%",59.289.40000,1.233.690.00000,124,"3,20%"
98,CRDE3,2198,-1537.0,44.0,8426.0,"65,75%",382,273.0,-1129,431.0,-611,-612,"-74,63%","-62,20%",282,"-4,19%","-2,85%",67.15250,121.435.00000,0,"-17,08%"
99,MDNE3,918,-453.0,79.0,2931.0,"0,00%",368,132.0,4589,-1272.0,5302,4441,"6,39%","-67,59%",221,"0,86%","-17,39%",6.763.40000,988.742.00000,23,"-23,90%"
100,TCSA3,1279,-447.0,112.0,3314.0,"0,00%",581,379.0,-1011,-448.0,-1121,-1224,"-32,78%","-75,95%",178,"-6,74%","-25,00%",25.969.10000,841.805.00000,40,"-21,03%"
101,JFEN3,433,-112.0,136.0,4612.0,"0,00%",260,94.0,-309,-565.0,-718,-725,"-149,16%","-433,10%",152,"-8,78%","-120,90%",96.67370,336.159.00000,184,"-41,76%"
102,VIVR3,142,-82.0,-88.0,-2043.0,"0,00%",279,-54.0,-226,-30.0,-547,-572,"90,25%","247,55%",44,"-13,05%","106,27%",2.028.06000,-154.240.00000,-132,"-49,71%"
103,RSID3,590,-46.0,-16.0,2090.0,"0,00%",53,-9.0,-123,-5.0,-1741,-1886,"-170,06%","-469,29%",40,"-4,88%","34,00%",1.338.42000,-651.709.00000,-211,"-53,33%"
104,BBRK3,184,-44.0,40.0,567.0,"0,00%",215,231.0,-233,-166.0,-64,-111,"-24,33%","-114,77%",148,"-11,07%","-90,91%",1.534.22000,166.355.00000,0,"2,22%"
105,PDGR3,402,-4.0,-1.0,159.0,"0,00%",18,-1.0,-39,-1.0,-1982,-2051,"-40,69%","-382,81%",36,"-5,28%","14,79%",413.78900,-5.225.500.00000,-33,"-29,15%"
106,AZEV4,390,28.0,-8.0,-454.0,"0,00%",372,-11.0,74,-8.0,193,193,"-61,54%","-165,00%",14,"108,12%","-30,71%",141.02500,-248.956.00000,-14,"-49,44%"
107,AZEV3,1163,82.0,-25.0,-1355.0,"0,00%",1110,-34.0,220,-23.0,339,339,"-61,54%","-165,00%",14,"108,12%","-30,71%",91.48010,-248.956.00000,-14,"-49,44%"
108,HAGA4,187,613.0,-29.0,1026.0,"0,00%",396,105.0,-1951,-25.0,-2083,4429,"-5,26%","16,74%",186,"-6,33%","-4,69%",660.85700,-77.360.40000,-50,"-5,45%"
109,ETER3,487,627.0,606.0,503.0,"0,00%",427,748.0,-792,-89.0,-987,-2615,"-6,35%","8,00%",115,"-6,48%","96,65%",5.492.93000,41.532.00000,233,"-14,16%"
110,JHSF3,736,869.0,156.0,6376.0,"1,87%",793,804.0,1576,-250.0,1805,1666,"40,46%","73,10%",244,"5,52%","17,89%",131.406.00000,3.243.960.00000,40,"13,73%"
111,PTBL3,450,903.0,173.0,640.0,"0,88%",363,414.0,-24526,-101.0,-40608,2237,"-0,26%","7,10%",125,"-0,19%","19,20%",7.153.52000,411.329.00000,182,"3,79%"
112,HAGA3,304,996.0,-47.0,1667.0,"0,00%",643,170.0,-3172,-41.0,-3304,7025,"-5,26%","16,74%",186,"-6,33%","-4,69%",55.48370,-77.360.40000,-50,"-5,45%"
113,SOND6,3600,1430.0,160.0,1352.0,"2,53%",1126,269.0,1442,385.0,966,754,"9,38%","9,46%",349,"12,69%","11,17%",1.49730,55.393.00000,0,"-12,02%"
114,TRIS3,1223,1492.0,207.0,2836.0,"3,51%",1164,244.0,1415,404.0,1432,1421,"20,05%","20,46%",315,"10,46%","13,84%",26.413.60000,1.104.980.00000,36,"25,94%"
115,TEND3,3117,1637.0,231.0,1631.0,"1,10%",786,160.0,1023,912.0,964,870,"15,95%","9,96%",294,"12,47%","14,12%",36.329.90000,1.407.140.00000,96,"21,59%"
116,MRVE3,1854,1703.0,163.0,1452.0,"3,68%",522,175.0,1138,-315.0,1534,1371,"12,76%","9,81%",253,"5,23%","9,60%",86.509.50000,5.465.130.00000,89,"9,94%"
117,SOND5,5500,2185.0,244.0,2066.0,"1,66%",1720,410.0,2203,588.0,1727,1349,"9,38%","9,46%",349,"12,69%","11,17%",2.20767,55.393.00000,0,"-12,02%"
118,DIRR3,1441,2253.0,170.0,1541.0,"3,47%",458,121.0,990,-218.0,1029,886,"15,57%","8,29%",424,"5,71%","7,55%",21.548.20000,1.299.540.00000,71,"2,17%"
119,EVEN3,1309,2517.0,162.0,1714.0,"1,11%",576,112.0,1880,327.0,2092,2012,"9,12%","8,51%",302,"3,73%","6,45%",40.571.10000,1.709.090.00000,66,"-3,88%"
120,CYRE3,2365,2706.0,195.0,2507.0,"5,49%",867,279.0,2239,3495.0,2551,2382,"11,20%","12,51%",236,"4,61%","7,19%",194.407.00000,4.857.670.00000,60,"3,25%"
121,EZTC3,3922,2830.0,228.0,9903.0,"0,75%",2020,495.0,4373,525.0,3737,3521,"22,64%","36,33%",615,"6,63%","8,05%",121.322.00000,3.907.800.00000,0,"6,16%"
122,MTRE3,1480,10925.0,161.0,5291.0,"0,00%",1273,176.0,6227,197.0,3181,2962,"8,50%","4,86%",641,"6,46%","1,48%",11.166.40000,970.757.00000,7,"0,00%"
123,STBP3,537,-79435.0,271.0,3871.0,"0,33%",1105,1303.0,9495,-258.0,9717,2047,"4,08%","-0,49%",206,"1,33%","-0,34%",16.280.30000,1.324.970.00000,33,"3,60%"
124,ECOR3,1302,-3687.0,1182.0,1830.0,"0,00%",635,-1095.0,582,-81.0,1135,775,"31,45%","-4,96%",73,"12,70%","-32,06%",65.406.70000,615.303.00000,1372,"8,00%"
125,LOGN3,1847,-1463.0,959.0,1856.0,"0,00%",978,324.0,2234,-226.0,3119,1305,"8,31%","-12,69%",285,"7,14%","-65,56%",16.378.70000,203.158.00000,704,"4,62%"
126,TPIS3,126,-413.0,32.0,218.0,"0,00%",61,-28.0,-3693,-8.0,-33516,514,"-0,59%","-7,43%",24,"-0,17%","-7,64%",1.007.36000,701.690.00000,271,"-15,27%"
127,GOLL4,1755,-150.0,-48.0,567.0,"0,00%",423,-74.0,831,-27.0,2041,573,"6,82%","-36,24%",32,"6,59%","32,11%",196.580.00000,-13.002.600.00000,-84,"4,39%"
128,AZUL4,2159,-61.0,-58.0,779.0,"0,00%",487,-118.0,-270,-30.0,-913,2212,"-28,84%","-128,36%",36,"-25,02%","96,28%",294.766.00000,-12.648.200.00000,-152,"6,12%"
129,TGMA3,2493,1099.0,279.0,1458.0,"4,58%",1576,682.0,1242,2937.0,1270,1068,"11,74%","13,27%",190,"17,90%","25,38%",16.279.10000,590.088.00000,55,"5,83%"
130,LUXM4,4598,1662.0,221.0,2073.0,"13,21%",1318,750.0,1466,-1820.0,1557,768,"14,14%","12,47%",212,"9,88%","13,33%",106.39500,107.865.00000,27,"8,87%"
131,JSLG3,3210,2782.0,475.0,692.0,"0,76%",295,92.0,777,-77.0,1816,817,"8,90%","2,67%",269,"6,76%","17,09%",31.496.10000,1.402.480.00000,1225,"11,09%"
132,CCRO3,1330,3052.0,326.0,2605.0,"5,73%",769,3263.0,969,-146.0,1492,842,"26,88%","7,91%",111,"9,82%","10,69%",99.057.40000,8.233.370.00000,252,"2,03%"
133,WSON33,3944,4846.0,123.0,1724.0,"2,90%",522,903.0,439,-127.0,750,750,"39,30%","3,85%",155,"13,78%","2,53%",1.055.46000,2.290.150.00000,109,"0,08%"
134,RLOG3,2111,5066.0,405.0,1402.0,"0,00%",233,393.0,481,-38.0,1091,591,"29,14%","9,99%",152,"5,67%","7,99%",22.823.50000,2.416.520.00000,740,"9,27%"
135,RAIL3,2230,5914.0,487.0,5925.0,"0,00%",986,1662.0,2068,-160.0,2689,1445,"28,65%","10,07%",152,"5,57%","8,23%",202.161.00000,8.490.350.00000,211,"13,59%"
136,CAML3,1245,-34617.0,178.0,1939.0,"1,35%",629,235.0,3036,1196.0,3883,3883,"6,39%","-0,56%",162,"3,53%","-0,51%",16.450.50000,2.587.190.00000,121,"-19,60%"
137,BSEV3,404,-266.0,-407.0,631.0,"0,00%",307,-64.0,1362,-46.0,3375,464,"4,63%","-23,73%",46,"2,65%","153,14%",512.77700,-1.012.830.00000,-723,"-0,01%"
138,MNPR3,556,-213.0,-11.0,164.0,"0,00%",181,-10.0,80,-8.0,79,71,"20,43%","-7,69%",17,"23,63%","4,94%",120.87000,-375.728.00000,0,"3,46%"
139,MRFG3,1807,811.0,3500.0,217.0,"0,00%",350,309.0,180,-68.0,433,367,"12,03%","5,41%",137,"27,39%","431,39%",219.995.00000,367.249.00000,7138,"38,62%"
140,BEEF3,1352,960.0,785.0,367.0,"0,00%",388,115.0,380,-138.0,694,594,"9,64%","3,82%",201,"19,81%","81,78%",101.613.00000,838.217.00000,1462,"19,26%"
141,JOPA3,2700,1053.0,55.0,221.0,"1,06%",148,54.0,321,1845.0,990,838,"6,87%","2,70%",173,"5,94%","5,23%",74656,518.604.00000,189,"3,78%"
142,JOPA4,2800,1092.0,57.0,229.0,"1,13%",154,56.0,333,1913.0,1002,848,"6,87%","2,70%",173,"5,94%","5,23%",1.88728,518.604.00000,189,"3,78%"
143,SMTO3,2408,1285.0,251.0,2151.0,"2,24%",715,535.0,928,-170.0,1428,583,"23,18%","16,74%",183,"9,18%","19,55%",41.507.40000,3.392.610.00000,184,"11,16%"
144,BRFS3,1960,1291.0,234.0,445.0,"0,00%",326,358.0,556,-78.0,1075,594,"8,00%","3,50%",126,"9,28%","18,16%",251.610.00000,6.793.900.00000,366,"0,01%"
145,MDIA3,3574,1759.0,194.0,1791.0,"0,70%",1283,854.0,1803,2331.0,1862,1360,"9,93%","10,18%",161,"8,68%","11,05%",38.253.10000,6.234.010.00000,29,"7,86%"
146,BAUH4,8994,3199.0,618.0,2582.0,"0,95%",3711,2124.0,2923,2576.0,2703,2082,"8,83%","8,07%",147,"24,80%","19,33%",39.68480,75.956.00000,0,"11,79%"
147,CSAN3,8285,3731.0,302.0,4826.0,"1,81%",984,700.0,1958,-266.0,2574,2574,"24,64%","10,29%",197,"5,95%","8,09%",144.131.00000,10.820.800.00000,126,"-1,32%"
148,JBSS3,2335,26117.0,173.0,267.0,"2,37%",384,224.0,333,-103.0,625,456,"8,00%","0,18%",180,"15,57%","0,66%",399.055.00000,36.011.800.00000,214,"7,39%"
149,ABEV3,1270,2241.0,270.0,3841.0,"3,86%",1646,2843.0,1511,-2083.0,1430,1046,"25,42%","17,88%",124,"14,63%","12,06%",470.605.00000,73.922.800.00000,9,"3,05%"
150,NTCO3,4914,-5839.0,265.0,2125.0,"0,00%",1007,1465.0,3444,-296.0,4187,4187,"6,17%","-3,67%",133,"3,72%","-4,53%",298.511.00000,23.245.600.00000,89,"0,00%"
151,ADHM3,220,-576.0,-181.0,1.0872,"0,00%",148255,-202.0,-802,-179.0,-802,-819,"-13.548,50%","-18.860,60%",0,"521,70%","31,47%",61.71320,-19.776.00000,0,"43,48%"
152,BOBR4,213,3890.0,-218.0,523.0,"0,00%",795,-295.0,494,-86.0,706,588,"10,58%","1,34%",62,"21,98%","-5,60%",336.10400,-254.612.00000,-104,"-0,26%"
153,DASA3,7000,-16978.0,869.0,6750.0,"0,53%",2725,2280.0,67821,-705.0,74216,5594,"1,00%","-3,91%",166,"0,49%","-5,12%",6.53456,3.872.410.00000,127,"14,33%"
154,AALR3,1230,-1722.0,123.0,1591.0,"0,71%",556,-1489.0,-59828,-189.0,-83529,1750,"-0,27%","-8,57%",87,"-0,11%","-7,16%",10.857.80000,1.179.760.00000,76,"-3,97%"
155,BIOM3,1618,-1621.0,815.0,38202.0,"0,00%",2765,1652.0,-2172,-831.0,-2432,-2659,"-175,85%","-235,65%",204,"-16,06%","-50,27%",521.67000,120.695.00000,153,"1.312,78%"
156,GBIO33,1038,-1494.0,132.0,1515.0,"0,00%",790,756.0,1351,1754.0,1604,1604,"11,21%","-10,14%",131,"7,12%","-8,83%",6.341.83000,838.439.00000,31,"-8,99%"
157,DMVF3,1200,0.0,135.0,0.0,"0,00%",503,-413.0,0,-138.0,0,0,"0,00%","0,00%",69,"0,00%","0,00%",5.442.49000,449.022.00000,76,"0,00%"
158,ODPV3,1310,2197.0,572.0,3876.0,"3,19%",3534,1534.0,1313,2441.0,1166,1118,"29,51%","17,54%",178,"45,42%","26,02%",27.717.50000,1.217.410.00000,0,"8,81%"
159,QUAL3,2990,2221.0,518.0,4193.0,"11,66%",2385,1186.0,1116,-1143.0,1183,782,"37,57%","18,92%",255,"30,44%","23,30%",124.563.00000,1.640.420.00000,81,"1,21%"
160,PARD3,2524,2995.0,462.0,2667.0,"0,95%",1772,1314.0,2089,-704.0,2176,1351,"12,77%","8,91%",159,"10,96%","15,43%",20.920.60000,715.237.00000,60,"7,43%"
161,OFSA3,2907,3119.0,304.0,2469.0,"0,06%",1697,719.0,1935,2016.0,2170,1646,"12,76%","7,91%",182,"10,69%","9,74%",480.01000,515.951.00000,63,"6,43%"
162,HAPV3,6243,5365.0,602.0,6392.0,"0,28%",3501,3967.0,3670,-2050.0,3648,2683,"17,42%","11,94%",155,"11,74%","11,22%",112.437.00000,7.702.680.00000,27,"47,83%"
163,FLRY3,2512,6014.0,515.0,3014.0,"2,93%",1475,1100.0,2477,-372.0,2737,1363,"12,17%","5,01%",173,"7,74%","8,56%",56.119.60000,1.549.450.00000,124,"7,95%"
164,GNDI3,7288,7153.0,649.0,4564.0,"0,23%",3076,7416.0,3414,-1118.0,3410,2766,"13,37%","6,38%",120,"10,59%","9,08%",219.326.00000,6.775.330.00000,29,"35,39%"
165,CRFB3,1920,1802.0,262.0,597.0,"1,30%",842,1379.0,945,-505.0,1024,804,"6,32%","3,76%",114,"12,69%","14,52%",131.685.00000,14.562.000.00000,52,"11,14%"
166,PNVL4,1993,3876.0,565.0,1086.0,"0,52%",1901,851.0,2616,-3340.0,3032,1634,"4,15%","2,80%",158,"10,25%","14,58%",792.11200,534.292.00000,116,"7,99%"
167,PFRM3,536,4232.0,66.0,127.0,"0,00%",195,148.0,363,-388.0,672,389,"3,50%","0,30%",125,"8,57%","1,57%",7.506.62000,1.001.000.00000,95,"7,44%"
168,PCAR3,6473,4257.0,138.0,244.0,"0,90%",275,-3957.0,360,-66.0,566,397,"6,76%","0,69%",98,"11,17%","3,25%",132.890.00000,12.566.000.00000,140,"6,61%"
169,PNVL3,2271,4416.0,644.0,1238.0,"0,42%",2166,969.0,2981,-3806.0,3397,1831,"4,15%","2,80%",158,"10,25%","14,58%",19.055.30000,534.292.00000,116,"7,99%"
170,RADL3,10794,5000.0,878.0,1896.0,"0,61%",2796,1678.0,4067,-1428.0,4233,1931,"4,66%","3,87%",153,"8,55%","17,55%",159.632.00000,4.063.700.00000,43,"16,39%"
171,MNDL3,2600,-514.0,-44.0,135.0,"0,00%",61,-10.0,210,-7.0,800,560,"6,45%","-2,63%",29,"3,15%","8,58%",76.07080,-146.315.00000,-128,"4,16%"
172,ECPR3,7700,-221.0,90.0,0.0,"0,00%",519,0.0,-8083,0.0,-8011,-8028,"0,00%","0,00%",0,"0,00%","-40,74%",36044,162.201.00000,0,"0,00%"
173,CEDO3,1100,-180.0,82.0,182.0,"0,00%",166,-257.0,1068,-42.0,3023,1049,"1,70%","-10,82%",85,"1,90%","-45,61%",11.79370,133.686.00000,175,"9,68%"
174,CTNM3,1091,-137.0,37.0,183.0,"0,00%",79,131.0,-2720,-31.0,-13512,1952,"-0,67%","-21,78%",120,"-0,32%","-26,65%",27.30090,912.647.00000,169,"-11,24%"
175,SGPS3,710,-100.0,30.0,269.0,"0,00%",113,173.0,636,-43.0,1997,795,"4,23%","-26,97%",121,"2,00%","-30,43%",1.803.54000,1.169.340.00000,84,"-17,81%"
176,CEDO4,596,-98.0,45.0,98.0,"0,00%",90,-139.0,579,-23.0,2533,879,"1,70%","-10,82%",85,"1,90%","-45,61%",14.95990,133.686.00000,175,"9,68%"
177,CTNM4,603,-76.0,20.0,101.0,"0,00%",43,72.0,-1503,-17.0,-12295,1777,"-0,67%","-21,78%",120,"-0,32%","-26,65%",170.25000,912.647.00000,169,"-11,24%"
178,TECN3,104,-63.0,25.0,277.0,"0,00%",120,38.0,-196,340.0,-399,-308,"-14,14%","-44,10%",236,"-7,60%","-39,81%",1.098.98000,326.951.00000,42,"-6,60%"
179,TEKA3,3250,-13.0,-1.0,113.0,"0,00%",17,-1.0,-147,-1.0,-4383,-7854,"-7,64%","-87,84%",2,"-1,83%","7,98%",44.57530,-1.596.710.00000,-29,"-0,72%"
180,TEKA4,1071,-4.0,0.0,37.0,"0,00%",6,0.0,-49,0.0,-4284,-7677,"-7,64%","-87,84%",2,"-1,83%","7,98%",137.79800,-1.596.710.00000,-29,"-0,72%"
181,TXRX4,1074,171.0,-15.0,1201.0,"0,00%",244,-17.0,803,-11.0,4476,4476,"14,94%","70,35%",19,"4,73%","-9,01%",300.46800,-297.411.00000,-70,"-12,85%"
182,CTKA4,1224,352.0,-29.0,217.0,"0,00%",195,69.0,208,-18.0,1561,1154,"10,43%","6,16%",186,"11,26%","-8,33%",70.65470,-258.706.00000,-204,"4,68%"
183,CTKA3,1530,441.0,-37.0,272.0,"0,00%",244,86.0,260,-23.0,1613,1193,"10,43%","6,16%",186,"11,26%","-8,33%",26.96970,-258.706.00000,-204,"4,68%"
184,PTNT4,500,1097.0,95.0,419.0,"1,45%",346,421.0,931,-531.0,1377,676,"4,50%","6,58%",120,"4,76%","8,68%",136.59700,252.196.00000,76,"3,75%"
185,HGTX3,1790,1122.0,194.0,2412.0,"2,52%",1411,357.0,3843,384.0,3507,1600,"6,28%","21,49%",260,"5,30%","17,30%",66.316.40000,1.498.030.00000,17,"-4,63%"
186,TXRX3,8090,1285.0,-116.0,9043.0,"0,00%",1842,-129.0,6051,-82.0,9724,9724,"14,94%","70,35%",19,"4,73%","-9,01%",6.91902,-297.411.00000,-70,"-12,85%"
187,PTNT3,839,1841.0,160.0,702.0,"0,87%",581,706.0,1562,-892.0,2008,986,"4,50%","6,58%",120,"4,76%","8,68%",39.45310,252.196.00000,76,"3,75%"
188,GRND3,774,1927.0,196.0,4164.0,"3,20%",1790,361.0,2547,379.0,2161,1604,"16,35%","21,61%",869,"10,51%","10,18%",12.906.60000,3.558.780.00000,6,"-4,82%"
189,DOHL4,517,2057.0,67.0,858.0,"2,21%",528,135.0,9191,206.0,7657,1716,"0,93%","4,17%",587,"0,67%","3,26%",137.21600,582.769.00000,4,"2,84%"
190,VIVA3,2283,3605.0,499.0,5439.0,"0,68%",2909,733.0,3120,1151.0,2967,2967,"17,43%","15,08%",245,"13,82%","13,85%",34.710.10000,1.079.630.00000,30,"0,00%"
191,DOHL3,1500,5967.0,195.0,2491.0,"0,69%",1531,393.0,26667,597.0,25133,5633,"0,93%","4,17%",587,"0,67%","3,26%",13.89800,582.769.00000,4,"2,84%"
192,VULC3,593,7105.0,142.0,1361.0,"0,00%",972,204.0,2150,307.0,2085,938,"6,33%","1,91%",408,"5,92%","1,99%",5.923.50000,1.029.360.00000,27,"1,43%"
193,ALPA3,3232,7149.0,666.0,5928.0,"0,16%",2857,1167.0,3928,3000.0,3899,2930,"15,09%","7,86%",160,"12,92%","9,32%",79.64110,2.852.200.00000,88,"-4,42%"
194,ALPA4,3475,7687.0,716.0,6374.0,"0,16%",3072,1255.0,4224,3226.0,4194,3152,"15,09%","7,86%",160,"12,92%","9,32%",59.215.50000,2.852.200.00000,88,"-4,42%"
195,CAMB3,433,7851.0,282.0,1047.0,"0,00%",834,25354.0,1961,-265.0,2488,1452,"5,34%","1,34%",101,"4,80%","3,59%",796.06300,64.625.00000,90,"-9,79%"
196,CTSA4,245,10938.0,96.0,624.0,"0,48%",430,1452.0,915,-390.0,1695,1697,"6,82%","0,57%",107,"5,22%","0,88%",118.04200,283.521.00000,86,"7,43%"
197,CTSA3,283,12634.0,111.0,721.0,"0,38%",496,1677.0,1057,-450.0,1837,1839,"6,82%","0,57%",107,"5,22%","0,88%",181.92800,283.521.00000,86,"7,43%"
198,IGBR3,335,-3596.0,-5.0,16790.0,"0,00%",168,-47.0,-2581,-4.0,-61010,-61010,"-65,05%","-46,69%",3,"-0,71%","0,13%",506.043,-912.514.00000,-104,"-26,48%"
199,SPRI6,1200,-183.0,135.0,0.0,"0,00%",1305,0.0,-350,0.0,-315,-318,"0,00%","0,00%",0,"0,00%","-73,82%",3.36751,22.420.00000,0,"-7,33%"
200,SPRI3,1105,-169.0,125.0,0.0,"0,00%",1202,0.0,-323,0.0,-287,-290,"0,00%","0,00%",0,"0,00%","-73,82%",21.9236,22.420.00000,0,"-7,33%"
201,SPRI5,912,-139.0,103.0,0.0,"0,00%",992,0.0,-266,0.0,-231,-233,"0,00%","0,00%",0,"0,00%","-73,82%",4.28735,22.420.00000,0,"-7,33%"
202,HETA4,838,119.0,-1.0,3653.0,"0,00%",421,-11.0,488,-1.0,37541,37541,"74,87%","306,50%",1,"8,75%","-0,94%",29.6754,-382.871.00000,-85,"-17,65%"
203,WHRL3,715,758.0,583.0,1345.0,"13,53%",1887,1246.0,2440,2510.0,2195,1637,"5,51%","17,75%",125,"19,62%","76,96%",120.4,1.841.660.00000,11,"-6,48%"
204,WHRL4,725,769.0,592.0,1364.0,"14,68%",1913,1263.0,2474,2545.0,2229,1662,"5,51%","17,75%",125,"19,62%","76,96%",440.586,1.841.660.00000,11,"-6,48%"
205,UCAS3,424,2520.0,175.0,2008.0,"14,76%",1356,398.0,3313,459.0,2894,1419,"6,06%","7,97%",291,"5,06%","6,93%",800.709,160.532.00000,0,"-8,41%"
206,SLED3,107,-15.0,-17.0,114.0,"0,00%",98,-89.0,-47,-8.0,-310,-839,"-24,54%","-74,24%",75,"-28,21%","109,34%",161.175,-321.432.00000,-106,"-27,13%"
207,SLED4,58,-8.0,-9.0,62.0,"0,00%",53,-48.0,-25,-4.0,-289,-781,"-24,54%","-74,24%",75,"-28,21%","109,34%",767.311,-321.432.00000,-106,"-27,13%"
208,MEAL3,383,-2032.0,89.0,682.0,"0,00%",394,-310.0,-6828,-106.0,-8551,2479,"-1,00%","-3,36%",59,"-0,69%","-4,39%",65.285.50000,1.230.240.00000,45,"1,26%"
209,BKBR3,1111,-1290.0,163.0,1027.0,"0,46%",716,2496.0,-1773,-217.0,-2021,1665,"-5,79%","-7,96%",114,"-5,08%","-12,66%",21.487.00000,1.550.950.00000,60,"11,52%"
210,HOOT4,272,-28.0,-12.0,701.0,"0,00%",106,-9.0,-34,-6.0,-33,-36,"-207,86%","-249,00%",4,"-32,44%","42,94%",19.38790,-413.079.00000,0,"-19,17%"
211,SHOW3,257,-301.0,67.0,985.0,"0,00%",277,161.0,-607,-1201.0,-407,-1397,"-16,23%","-33,56%",144,"-7,56%","-22,31%",2.362.83000,257.677.00000,62,"-26,88%"
212,ESTR4,2799,-70.0,-5.0,212.0,"0,00%",108,-5.0,-246,-4.0,-679,-1136,"-8,64%","-30,23%",16,"-4,96%","6,65%",19.15640,-484.249.00000,-8,"-9,25%"
213,CVCB3,1887,1167.0,206.0,1424.0,"2,21%",407,169.0,400,-546.0,560,468,"35,63%","11,56%",149,"12,21%","17,62%",114.294.00000,1.370.930.00000,113,"22,78%"
214,BMKS3,22850,2685.0,57.0,6366.0,"2,66%",493,65.0,-1797,74.0,703,1171,"-35,41%","23,71%",2137,"-10,00%","2,11%",75.78830,183.806.00000,4,"-4,10%"
215,ANIM3,2859,-7819.0,192.0,2428.0,"0,00%",922,341.0,1787,-666.0,2016,1142,"13,58%","-3,07%",344,"6,82%","-2,45%",14.362.30000,1.655.070.00000,72,"9,10%"
216,COGN3,606,-1772.0,64.0,1764.0,"0,07%",315,283.0,2922,-103.0,5233,1494,"6,04%","-9,89%",225,"1,22%","-3,60%",724.860.00000,17.846.000.00000,71,"6,51%"
217,SMLS3,1432,462.0,141.0,2338.0,"7,72%",553,183.0,404,369.0,66,62,"57,85%","50,63%",166,"26,96%","30,51%",28.335.50000,1.261.850.00000,0,"-25,34%"
218,YDUQ3,2995,1615.0,283.0,2604.0,"1,70%",1212,393.0,1103,-900.0,1217,851,"23,59%","16,12%",341,"17,05%","17,50%",99.199.10000,3.275.420.00000,107,"4,63%"
219,SEER3,1473,2044.0,139.0,1469.0,"0,32%",627,246.0,802,-356.0,773,463,"18,31%","7,19%",312,"10,34%","6,82%",21.656.10000,1.359.600.00000,46,"4,66%"
220,LCAM3,2018,4148.0,260.0,2171.0,"2,19%",907,1131.0,1674,-237.0,2236,1188,"12,97%","5,24%",143,"7,64%","6,28%",57.705.70000,3.943.290.00000,133,"69,71%"
221,RENT3,4842,4871.0,672.0,3774.0,"0,76%",1927,1554.0,2770,-402.0,3378,2087,"13,62%","7,75%",213,"8,67%","13,80%",337.975.00000,5.461.000.00000,205,"26,75%"
222,MOVI3,1634,14987.0,224.0,1184.0,"1,80%",655,1096.0,947,-184.0,1339,772,"12,50%","0,79%",120,"11,42%","1,50%",51.043.40000,2.179.270.00000,171,"25,29%"
223,BTOW3,11100,-24891.0,1046.0,7157.0,"0,00%",3542,1144.0,25260,-4949.0,25342,7341,"2,83%","-2,88%",210,"3,37%","-4,20%",360.367.00000,5.570.280.00000,122,"-3,60%"
224,CEAB3,1145,-6702.0,137.0,831.0,"0,01%",543,264.0,6601,-322.0,9690,938,"1,26%","-1,24%",190,"1,11%","-2,04%",35.657.70000,2.578.030.00000,113,"0,00%"
225,VVAR3,2029,-2796.0,642.0,1300.0,"0,00%",1118,1349.0,2911,-432.0,3235,1758,"4,47%","-4,65%",117,"5,86%","-22,96%",1.722.460.00000,5.049.000.00000,165,"7,45%"
226,AMAR3,830,-598.0,188.0,892.0,"0,00%",690,434.0,1287,-435.0,1918,673,"6,93%","-17,63%",151,"6,34%","-31,45%",45.980.00000,1.153.730.00000,119,"-4,66%"
227,LLIS3,581,-105.0,55.0,561.0,"0,00%",156,-81.0,-122,-33.0,-576,360,"-46,04%","-247,97%",56,"-13,97%","-51,95%",1.716.08000,733.301.00000,214,"-9,75%"
228,SOMA3,1093,0.0,1236.0,0.0,"0,00%",3935,6996.0,0,-2934.0,0,0,"0,00%","0,00%",111,"0,00%","0,00%",17.249.00000,421.946.00000,111,"0,00%"
229,LJQQ3,1362,0.0,1702.0,0.0,"0,00%",1499,638.0,0,-633.0,0,0,"0,00%","0,00%",153,"0,00%","0,00%",22.467.60000,148.575.00000,280,"0,00%"
230,CGRA3,2699,418.0,89.0,1212.0,"6,49%",641,271.0,1409,485.0,1110,593,"8,60%","29,02%",232,"5,67%","21,40%",54.48920,606.987.00000,0,"3,94%"
231,CGRA4,2774,429.0,92.0,1245.0,"6,31%",658,278.0,1448,498.0,1149,614,"8,60%","29,02%",232,"5,67%","21,40%",271.84900,606.987.00000,0,"3,94%"
232,HYPE3,3250,1802.0,227.0,5403.0,"3,53%",1314,341.0,2380,1370.0,2337,2049,"22,70%","29,99%",393,"8,44%","12,60%",139.878.00000,9.055.200.00000,53,"11,43%"
233,CNTO3,2916,3202.0,361.0,2552.0,"0,00%",1499,557.0,-11051,-989.0,-11440,4515,"-2,31%","7,95%",264,"-2,09%","11,28%",62.269.70000,1.952.580.00000,79,"0,00%"
234,LREN3,4300,3609.0,730.0,3579.0,"0,74%",2914,1906.0,1434,-7515.0,1467,1116,"24,95%","9,92%",137,"26,07%","20,22%",326.617.00000,4.688.160.00000,54,"11,99%"
235,GUAR3,1772,5372.0,180.0,1294.0,"2,86%",731,506.0,13699,-2172.0,16199,1824,"0,94%","2,41%",135,"0,67%","3,36%",20.552.10000,4.906.450.00000,81,"5,46%"
236,LAME3,2740,8692.0,947.0,2594.0,"0,57%",1456,516.0,2392,-725.0,2751,1633,"10,84%","2,52%",193,"12,45%","10,89%",73.407.80000,5.403.890.00000,383,"2,11%"
237,LAME4,3212,10190.0,1110.0,3041.0,"0,49%",1707,605.0,2804,-850.0,3163,1878,"10,84%","2,52%",193,"12,45%","10,89%",403.987.00000,5.403.890.00000,383,"2,11%"
238,ARZZ3,5417,11726.0,736.0,3425.0,"0,66%",2847,704.0,25154,2285.0,25337,4830,"1,36%","2,92%",221,"1,89%","6,28%",35.244.30000,669.467.00000,90,"6,59%"
239,MGLU3,9015,39655.0,1968.0,6642.0,"0,22%",7124,3949.0,24168,89324.0,23951,11712,"2,75%","1,67%",139,"4,95%","4,96%",951.365.00000,7.443.840.00000,22,"25,27%"
240,POSI3,497,11860.0,80.0,390.0,"0,65%",296,112.0,2023,177.0,2807,1238,"1,93%","0,56%",150,"2,33%","0,68%",20.438.90000,878.421.00000,92,"0,70%"
241,TOTS3,2810,6242.0,645.0,6814.0,"0,68%",3147,2262.0,1727,8463.0,1631,1388,"39,45%","10,95%",134,"26,66%","10,34%",137.958.00000,2.517.410.00000,26,"3,13%"
242,PDTC3,601,9764.0,538.0,19804.0,"0,00%",1379,528.0,47964,-6352.0,49330,24970,"4,13%","20,28%",157,"0,40%","5,51%",2.502.83000,87.703.00000,90,"-47,04%"
243,LWSA3,6414,50819.0,1253.0,18825.0,"0,00%",6815,1690.0,19029,2619.0,18164,7848,"9,89%","3,70%",229,"7,03%","2,46%",83.789.00000,644.643.00000,30,"0,00%"
244,SQIA3,2525,75803.0,412.0,9248.0,"0,00%",2940,583.0,73428,920.0,62768,7030,"1,26%","1,23%",596,"0,91%","0,54%",25.129.50000,432.572.00000,18,"24,13%"
245,LINX3,3555,2.2626,401.0,8010.0,"0,32%",2711,1180.0,4512,3263.0,4308,2231,"17,75%","0,35%",230,"8,11%","0,18%",107.763.00000,1.679.890.00000,19,"15,75%"
246,OIBR4,231,-78.0,170.0,716.0,"0,00%",188,189.0,-767,-30.0,-1885,664,"-9,34%","-92,74%",161,"-2,86%","-219,17%",35.647.00000,8.075.470.00000,323,"-7,93%"
247,OIBR3,167,-56.0,123.0,518.0,"0,00%",136,137.0,-554,-22.0,-1673,589,"-9,34%","-92,74%",161,"-2,86%","-219,17%",434.949.00000,8.075.470.00000,323,"-7,93%"
248,VIVT3,4930,1850.0,120.0,1914.0,"5,48%",753,16172.0,1298,-436.0,1375,501,"14,75%","10,34%",102,"6,64%","6,51%",5.192.06000,69.242.200.00000,19,"0,80%"
249,VIVT4,4943,1855.0,121.0,1919.0,"6,01%",755,16214.0,1301,-437.0,1379,502,"14,75%","10,34%",102,"6,64%","6,51%",121.340.00000,69.242.200.00000,19,"0,80%"
250,JPSA3,2360,2068.0,134.0,2927.0,"0,48%",326,256.0,615,-109.0,1133,801,"47,60%","32,21%",235,"6,51%","6,47%",5.390.73000,1.550.500.00000,188,"2,41%"
251,ATOM3,280,756.0,478.0,3126.0,"0,00%",2681,286.0,1157,483.0,889,884,"27,02%","41,37%",1771,"68,34%","63,29%",840.66300,12.238.00000,0,"47,53%"
252,TIMP3,1462,1861.0,155.0,2067.0,"1,77%",889,1669.0,1063,-410.0,1056,410,"19,44%","11,11%",134,"9,67%","8,33%",168.571.00000,22.847.800.00000,14,"2,29%"
253,CEPE5,2802,-4538.0,125.0,-51273.0,"3,58%",226,-664.0,-7920,-45.0,-26737,-42473,"64,74%","112,98%",90,"-0,34%","-2,77%",7.56751,1.666.000.00000,344,"9,29%"
254,CEPE6,2317,-3753.0,104.0,-42398.0,"4,77%",187,-549.0,-6549,-37.0,-25366,-40295,"64,74%","112,98%",90,"-0,34%","-2,77%",80298,1.666.000.00000,344,"9,29%"
255,CEED4,10000,-59.0,-20.0,290.0,"0,00%",247,-24.0,-218,-12.0,-437,-657,"-13,28%","-48,89%",20,"-13,63%","33,46%",46512,-4.883.560.00000,-22,"5,91%"
256,CEED3,5610,-33.0,-11.0,162.0,"0,00%",138,-14.0,-122,-7.0,-341,-513,"-13,28%","-48,89%",20,"-13,63%","33,46%",18.67210,-4.883.560.00000,-22,"5,91%"
257,RNEW3,331,-16.0,-12.0,2786.0,"0,00%",59,-5.0,-123,-4.0,-1497,-1752,"-227,20%","-1.785,59%",3,"-5,83%","77,37%",87.48450,-1.143.710.00000,-140,"-33,56%"
258,RNEW11,910,-14.0,-11.0,2553.0,"0,00%",54,-4.0,-112,-4.0,-1486,-1740,"-227,20%","-1.785,59%",3,"-5,83%","77,37%",123.52000,-1.143.710.00000,-140,"-33,56%"
259,RNEW4,291,-14.0,-11.0,2450.0,"0,00%",52,-4.0,-108,-4.0,-1482,-1734,"-227,20%","-1.785,59%",3,"-5,83%","77,37%",151.88800,-1.143.710.00000,-140,"-33,56%"
260,LIGT3,1635,390.0,74.0,388.0,"0,00%",206,709.0,487,-43.0,1271,805,"7,96%","9,94%",114,"4,94%","19,10%",42.166.20000,6.672.370.00000,135,"7,58%"
261,CPLE5,6052,508.0,85.0,946.0,"6,52%",373,630.0,385,-103.0,567,446,"24,59%","18,94%",143,"10,77%","16,84%",14074,19.372.800.00000,56,"7,63%"
262,CPLE3,6286,527.0,89.0,983.0,"3,57%",388,655.0,400,-107.0,582,457,"24,59%","18,94%",143,"10,77%","16,84%",27.709.20000,19.372.800.00000,56,"7,63%"
263,CPLE6,6423,539.0,91.0,1004.0,"3,84%",396,669.0,408,-110.0,591,464,"24,59%","18,94%",143,"10,77%","16,84%",73.648.70000,19.372.800.00000,56,"7,63%"
264,CLSC4,5597,585.0,134.0,264.0,"3,44%",213,350.0,485,-44.0,743,486,"5,44%","4,51%",121,"5,26%","22,90%",2.486.40000,1.611.840.00000,129,"7,54%"
265,CLSC3,5901,617.0,141.0,278.0,"2,97%",224,369.0,512,-46.0,769,503,"5,44%","4,51%",121,"5,26%","22,90%",69.64090,1.611.840.00000,129,"7,54%"
266,TRPL4,2161,641.0,110.0,3617.0,"6,15%",635,455.0,525,-343.0,608,604,"68,88%","57,10%",271,"13,29%","17,16%",37.854.60000,12.947.300.00000,32,"14,59%"
267,ELET3,3640,663.0,75.0,1747.0,"4,46%",310,271.0,426,-95.0,680,597,"41,06%","26,74%",180,"8,20%","11,36%",250.792.00000,75.808.300.00000,68,"-17,15%"
268,CESP6,3086,666.0,141.0,5636.0,"5,99%",790,2424.0,1564,-227.0,1720,1053,"36,04%","84,58%",156,"5,39%","21,14%",65.123.30000,7.176.750.00000,25,"-4,60%"
269,ELET6,3692,673.0,76.0,1772.0,"4,83%",315,275.0,432,-96.0,686,602,"41,06%","26,74%",180,"8,20%","11,36%",133.385.00000,75.808.300.00000,68,"-17,15%"
270,ELET5,3901,711.0,81.0,1873.0,"0,00%",332,291.0,456,-102.0,710,623,"41,06%","26,74%",180,"8,20%","11,36%",5.55635,75.808.300.00000,68,"-17,15%"
271,TAEE11,2817,726.0,179.0,3927.0,"8,57%",717,366.0,683,-227.0,1057,1047,"57,48%","54,12%",323,"11,88%","24,70%",73.579.60000,5.412.410.00000,126,"14,47%"
272,TAEE3,942,728.0,180.0,3939.0,"8,54%",719,367.0,685,-227.0,1059,1049,"57,48%","54,12%",323,"11,88%","24,70%",677.77400,5.412.410.00000,126,"14,47%"
273,TAEE4,950,734.0,181.0,3973.0,"8,47%",725,370.0,691,-229.0,1065,1055,"57,48%","54,12%",323,"11,88%","24,70%",1.182.98000,5.412.410.00000,126,"14,47%"
274,CESP5,3500,756.0,160.0,6392.0,"5,29%",896,2749.0,1774,-257.0,1929,1182,"36,04%","84,58%",156,"5,39%","21,14%",16.51480,7.176.750.00000,25,"-4,60%"
275,CESP3,3576,772.0,163.0,6530.0,"5,17%",915,2809.0,1812,-263.0,1968,1206,"36,04%","84,58%",156,"5,39%","21,14%",447.59800,7.176.750.00000,25,"-4,60%"
276,TRPL3,2611,774.0,133.0,4370.0,"5,09%",767,549.0,634,-415.0,717,712,"68,88%","57,10%",271,"13,29%","17,16%",106.50200,12.947.300.00000,32,"14,59%"
277,ENBR3,1730,799.0,112.0,675.0,"3,37%",386,655.0,435,-109.0,683,540,"15,54%","9,26%",129,"10,53%","14,05%",43.167.30000,9.346.000.00000,91,"13,26%"
278,EKTR4,2089,817.0,142.0,613.0,"0,00%",457,1965.0,388,-133.0,741,611,"15,80%","7,51%",107,"13,86%","17,35%",7.67167,2.857.000.00000,155,"8,95%"
279,EQTL3,2378,888.0,268.0,1282.0,"1,35%",593,487.0,448,-140.0,664,587,"28,58%","16,20%",165,"16,29%","30,13%",166.364.00000,8.983.150.00000,195,"27,83%"
280,CEBR3,6750,918.0,123.0,352.0,"2,47%",274,717.0,585,-104.0,627,464,"6,02%","4,96%",109,"5,65%","13,34%",53.63970,794.301.00000,58,"5,48%"
281,CSRN6,1673,939.0,231.0,1109.0,"1,08%",629,629.0,627,-128.0,957,785,"17,70%","11,81%",174,"11,48%","24,56%",11963,1.219.000.00000,150,"11,46%"
282,CEBR6,6990,951.0,127.0,365.0,"2,63%",283,743.0,605,-108.0,648,480,"6,02%","4,96%",109,"5,65%","13,34%",17.76440,794.301.00000,58,"5,48%"
283,CBEE3,1620,968.0,73.0,457.0,"0,00%",241,-733.0,507,-59.0,1307,718,"9,02%","4,72%",89,"5,29%","7,58%",12.27300,3.678.530.00000,124,"6,45%"
284,ALUP4,698,974.0,116.0,1259.0,"3,30%",307,266.0,293,-80.0,567,532,"42,99%","27,20%",217,"12,41%","11,86%",221.96400,5.311.410.00000,160,"35,00%"
285,CSRN5,1740,977.0,240.0,1154.0,"1,04%",654,654.0,652,-133.0,982,806,"17,70%","11,81%",174,"11,48%","24,56%",37465,1.219.000.00000,150,"11,46%"
286,EKTR3,2499,977.0,169.0,734.0,"0,00%",547,2351.0,464,-159.0,817,674,"15,80%","7,51%",107,"13,86%","17,35%",84956,2.857.000.00000,155,"8,95%"
287,CSRN3,1789,1004.0,247.0,1186.0,"0,92%",672,673.0,670,-137.0,1000,821,"17,70%","11,81%",174,"11,48%","24,56%",3.91644,1.219.000.00000,150,"11,46%"
288,NEOE3,1890,1034.0,114.0,815.0,"2,16%",378,674.0,479,-94.0,934,708,"17,02%","8,14%",128,"9,09%","11,04%",53.753.10000,20.081.000.00000,135,"20,41%"
289,NEOE3,1890,1034.0,114.0,815.0,"2,16%",378,674.0,479,-94.0,934,708,"17,02%","8,14%",128,"9,09%","11,04%",53.753.10000,20.081.000.00000,135,"20,41%"
290,ALUP11,2352,1094.0,130.0,1415.0,"2,93%",345,298.0,329,-89.0,603,566,"42,99%","27,20%",217,"12,41%","11,86%",20.760.20000,5.311.410.00000,160,"35,00%"
291,CEEB5,4003,1126.0,185.0,1046.0,"0,00%",501,1036.0,618,-104.0,1077,819,"16,92%","9,29%",124,"8,97%","16,39%",75254,5.684.000.00000,158,"10,91%"
292,CPFE3,2855,1150.0,224.0,1111.0,"6,31%",645,998.0,703,-166.0,1032,788,"15,79%","10,03%",125,"11,71%","19,48%",79.531.60000,14.677.800.00000,162,"13,06%"
293,CEEB3,4100,1153.0,189.0,1072.0,"1,22%",513,1061.0,633,-106.0,1092,830,"16,92%","9,29%",124,"8,97%","16,39%",3.92044,5.684.000.00000,158,"10,91%"
294,COCE5,6140,1246.0,152.0,847.0,"3,46%",504,-3114.0,851,-135.0,1301,853,"9,95%","6,80%",95,"6,67%","12,21%",4.012.78000,3.142.550.00000,91,"9,57%"
295,EMAE4,2990,1265.0,108.0,2543.0,"2,63%",704,195.0,3464,835.0,2179,1836,"7,34%","20,09%",585,"2,94%","8,57%",136.99700,1.018.770.00000,7,"24,59%"
296,CEBR5,9499,1292.0,172.0,495.0,"4,13%",385,1009.0,823,-146.0,865,641,"6,02%","4,96%",109,"5,65%","13,34%",4.05967,794.301.00000,58,"5,48%"
297,EQPA3,347,1326.0,228.0,1372.0,"2,31%",668,291.0,590,-199.0,755,604,"23,24%","10,35%",261,"14,31%","17,23%",150.95400,3.356.070.00000,120,"7,41%"
298,EGIE3,4311,1334.0,473.0,3328.0,"5,47%",1093,1359.0,872,-211.0,1174,953,"38,15%","24,96%",147,"15,06%","35,49%",86.994.50000,7.430.560.00000,229,"14,06%"
299,CMIG4,1065,1345.0,96.0,661.0,"4,73%",308,317.0,462,-75.0,815,639,"14,31%","4,92%",156,"7,43%","7,13%",112.336.00000,16.872.600.00000,94,"7,34%"
300,CMIG3,1083,1368.0,97.0,673.0,"4,65%",313,322.0,470,-77.0,823,645,"14,31%","4,92%",156,"7,43%","7,13%",18.315.70000,16.872.600.00000,94,"7,34%"
301,ALUP3,984,1373.0,163.0,1775.0,"2,34%",432,374.0,413,-112.0,687,645,"42,99%","27,20%",217,"12,41%","11,86%",170.85100,5.311.410.00000,160,"35,00%"
302,GEPA3,4150,1378.0,223.0,2763.0,"7,99%",866,-1467.0,748,-303.0,752,530,"36,95%","20,06%",85,"24,01%","16,16%",8.83474,1.760.330.00000,72,"1,77%"
303,ENMT4,2990,1425.0,281.0,1350.0,"0,10%",752,1267.0,882,-196.0,1318,1028,"15,31%","9,48%",121,"10,34%","19,69%",3.48653,2.333.400.00000,189,"10,26%"
304,ENMT3,2990,1425.0,281.0,1350.0,"2,31%",752,1267.0,882,-196.0,1318,1028,"15,31%","9,48%",121,"10,34%","19,69%",4.43902,2.333.400.00000,189,"10,26%"
305,TIET4,298,1498.0,382.0,2940.0,"7,91%",701,-6437.0,726,-134.0,1054,760,"40,48%","19,63%",96,"15,90%","25,50%",5.097.92000,1.556.800.00000,304,"9,11%"
306,TIET11,1493,1501.0,383.0,2946.0,"7,89%",703,-6450.0,728,-134.0,1056,761,"40,48%","19,63%",96,"15,90%","25,50%",40.604.30000,1.556.800.00000,304,"9,11%"
307,TIET3,301,1513.0,386.0,2970.0,"7,83%",708,-6502.0,734,-135.0,1061,765,"40,48%","19,63%",96,"15,90%","25,50%",1.352.61000,1.556.800.00000,304,"9,11%"
308,GEPA4,4585,1522.0,246.0,3053.0,"7,23%",956,-1621.0,826,-335.0,830,585,"36,95%","20,06%",85,"24,01%","16,16%",37.13650,1.760.330.00000,72,"1,77%"
309,COCE3,7902,1603.0,196.0,1091.0,"2,69%",648,-4007.0,1096,-173.0,1545,1013,"9,95%","6,80%",95,"6,67%","12,21%",19.60130,3.142.550.00000,91,"9,57%"
310,ENGI4,785,1693.0,233.0,726.0,"1,53%",339,2164.0,636,-60.0,1319,861,"11,41%","4,59%",106,"6,12%","13,74%",209.38000,6.121.330.00000,312,"14,36%"
311,ENGI11,4435,1913.0,263.0,820.0,"1,35%",383,2445.0,719,-67.0,1401,915,"11,41%","4,59%",106,"6,12%","13,74%",84.277.00000,6.121.330.00000,312,"14,36%"
312,ENEV3,5002,2191.0,219.0,4608.0,"0,00%",1041,1060.0,1609,-329.0,2052,1353,"28,64%","20,98%",190,"7,97%","9,97%",73.031.90000,7.227.790.00000,93,"18,61%"
313,EQPA7,575,2197.0,378.0,2273.0,"2,61%",1106,482.0,978,-329.0,1143,915,"23,24%","10,35%",261,"14,31%","17,23%",8.04391,3.356.070.00000,120,"7,41%"
314,EQPA5,580,2216.0,382.0,2293.0,"2,07%",1116,486.0,987,-332.0,1151,922,"23,24%","10,35%",261,"14,31%","17,23%",5.79388,3.356.070.00000,120,"7,41%"
315,AFLT3,1019,2705.0,285.0,16716.0,"6,42%",2716,770.0,2742,842.0,2473,2473,"60,95%","61,79%",2069,"13,65%","10,55%",35.49340,225.320.00000,0,"10,70%"
316,ENGI3,1325,2858.0,393.0,1226.0,"0,91%",572,3653.0,1074,-100.0,1756,1147,"11,41%","4,59%",106,"6,12%","13,74%",151.67400,6.121.330.00000,312,"14,36%"
317,LIPR3,8499,3106.0,504.0,0.0,"0,00%",4373,0.0,5849,0.0,5321,5321,"0,00%","0,00%",0,"0,00%","16,23%",32.17030,198.348.00000,0,"0,00%"
318,EQPA6,1068,4081.0,703.0,4223.0,"0,75%",2054,896.0,1817,-612.0,1982,1587,"23,24%","10,35%",261,"14,31%","17,23%",2484,3.356.070.00000,120,"7,41%"
319,REDE3,1045,4380.0,596.0,2034.0,"1,23%",1052,1730.0,1480,-229.0,1943,1364,"13,74%","6,50%",125,"8,30%","13,60%",17.14200,3.702.250.00000,245,"9,18%"
320,CPRE3,1823,6096.0,213.0,5011.0,"0,00%",804,-7071.0,1346,-166.0,1772,923,"37,22%","8,77%",92,"6,61%","3,49%",83902,4.467.110.00000,91,"5,64%"
321,OMGE3,3921,27145.0,2.4418900000000003,8249.0,"0,00%",870216,11.4492,2319,-1.70508,2320,1673,"35,57%","3,63%",247,"4.178,63%","899,57%",36.858.50000,2.731.86000,161,"58,17%"
322,AMBP3,2971,0.0,1442.0,0.0,"0,00%",3556,1429.0,0,-1291.0,0,0,"0,00%","0,00%",221,"0,00%","0,00%",22.774.30000,232.724.00000,229,"0,00%"
323,SAPR4,559,722.0,130.0,1717.0,"3,75%",659,2411.0,426,-185.0,566,481,"40,33%","23,78%",125,"16,91%","18,03%",19.160.60000,6.489.710.00000,56,"10,41%"
324,SAPR11,2850,736.0,133.0,1750.0,"3,61%",672,2458.0,434,-189.0,574,488,"40,33%","23,78%",125,"16,91%","18,03%",74.641.70000,6.489.710.00000,56,"10,41%"
325,SAPR3,575,742.0,134.0,1766.0,"3,31%",678,2480.0,438,-191.0,578,492,"40,33%","23,78%",125,"16,91%","18,03%",2.076.17000,6.489.710.00000,56,"10,41%"
326,CSMG3,5020,842.0,91.0,1207.0,"3,56%",536,672.0,497,-234.0,682,457,"24,29%","14,33%",177,"11,91%","10,85%",54.165.30000,6.968.270.00000,47,"7,60%"
327,SBSP3,5021,1728.0,161.0,1847.0,"2,74%",704,-4904.0,585,-160.0,807,607,"31,58%","10,69%",90,"13,05%","9,34%",222.891.00000,21.275.000.00000,77,"8,92%"
328,CASN3,1270,8700.0,702.0,7944.0,"0,33%",2455,7736.0,3190,-487.0,3631,2703,"24,91%","9,13%",128,"8,24%","8,07%",2953,1.294.270.00000,113,"8,12%"
329,CGAS3,17635,1741.0,2532.0,2645.0,"15,36%",2079,2066.0,1103,-449.0,1336,1150,"23,98%","15,19%",128,"27,70%","145,48%",23.5078,922.921.00000,795,"11,83%"
330,CGAS5,18838,1859.0,2705.0,2825.0,"15,22%",2220,2206.0,1178,-480.0,1412,1214,"23,98%","15,19%",128,"27,70%","145,48%",552.92,922.921.00000,795,"11,83%"
331,PINE4,291,-923.0,51.0,0.0,"0,00%",0,0.0,0,0.0,0,0,"0,00%","0,00%",0,"0,00%","-5,52%",920.12400,845.022.00000,0,"-5,08%"
332,IDVL3,256,-176.0,77.0,0.0,"0,00%",0,0.0,0,0.0,0,0,"0,00%","0,00%",0,"0,00%","-43,75%",259.31500,288.842.00000,0,"0,00%"
333,IDVL4,256,-176.0,77.0,0.0,"0,00%",0,0.0,0,0.0,0,0,"0,00%","0,00%",0,"0,00%","-43,75%",42.75040,288.842.00000,0,"0,00%"
334,BMGB4,512,0.0,75.0,0.0,"4,13%",0,0.0,0,0.0,0,0,"0,00%","0,00%",0,"0,00%","0,00%",6.600.89000,4.036.350.00000,0,"0,00%"
335,BAZA3,3799,355.0,51.0,0.0,"9,43%",0,0.0,0,0.0,0,0,"0,00%","0,00%",0,"0,00%","14,38%",115.98100,2.205.750.00000,0,"-7,90%"
336,BNBR3,7601,496.0,111.0,0.0,"3,58%",0,0.0,0,0.0,0,0,"0,00%","0,00%",0,"0,00%","22,49%",101.48400,5.888.600.00000,0,"12,32%"
337,BRSR6,1336,512.0,66.0,0.0,"5,15%",0,0.0,0,0.0,0,0,"0,00%","0,00%",0,"0,00%","12,98%",30.582.60000,8.217.060.00000,0,"7,27%"
338,BRSR3,1496,574.0,74.0,0.0,"4,60%",0,0.0,0,0.0,0,0,"0,00%","0,00%",0,"0,00%","12,98%",312.17900,8.217.060.00000,0,"7,27%"
339,BBAS3,3245,577.0,89.0,0.0,"5,66%",0,0.0,0,0.0,0,0,"0,00%","0,00%",0,"0,00%","15,36%",563.712.00000,105.007.000.00000,0,"-3,18%"
340,BMEB4,1580,579.0,87.0,0.0,"4,34%",0,0.0,0,0.0,0,0,"0,00%","0,00%",0,"0,00%","14,96%",229.00700,955.021.00000,0,"6,84%"
341,BGIP4,2723,614.0,85.0,0.0,"2,88%",0,0.0,0,0.0,0,0,"0,00%","0,00%",0,"0,00%","13,79%",73.60160,491.540.00000,0,"12,76%"
342,BMEB3,1696,622.0,93.0,0.0,"3,68%",0,0.0,0,0.0,0,0,"0,00%","0,00%",0,"0,00%","14,96%",37.07030,955.021.00000,0,"6,84%"
343,ABCB4,1354,706.0,72.0,0.0,"4,80%",0,0.0,0,0.0,0,0,"0,00%","0,00%",0,"0,00%","10,23%",11.551.20000,4.093.300.00000,0,"2,77%"
344,BSLI4,9201,729.0,180.0,0.0,"6,24%",0,0.0,0,0.0,0,0,"0,00%","0,00%",0,"0,00%","24,62%",42330,1.860.250.00000,0,"22,11%"
345,BEES3,543,748.0,108.0,0.0,"4,93%",0,0.0,0,0.0,0,0,"0,00%","0,00%",0,"0,00%","14,49%",175.57200,1.583.940.00000,0,"9,35%"
346,SANB3,1357,773.0,137.0,0.0,"9,84%",0,0.0,0,0.0,0,0,"0,00%","0,00%",0,"0,00%","17,66%",2.535.20000,74.512.200.00000,0,"-9,13%"
347,CRIV3,527,775.0,56.0,0.0,"0,66%",0,0.0,0,0.0,0,0,"0,00%","0,00%",0,"0,00%","7,22%",33.58860,969.432.00000,0,"-3,02%"
348,BEES4,574,790.0,114.0,0.0,"4,67%",0,0.0,0,0.0,0,0,"0,00%","0,00%",0,"0,00%","14,49%",23.46680,1.583.940.00000,0,"9,35%"
349,SANB11,2840,809.0,143.0,0.0,"9,88%",0,0.0,0,0.0,0,0,"0,00%","0,00%",0,"0,00%","17,66%",87.247.80000,74.512.200.00000,0,"-9,13%"
350,BRSR5,2175,834.0,108.0,0.0,"3,37%",0,0.0,0,0.0,0,0,"0,00%","0,00%",0,"0,00%","12,98%",4.27956,8.217.060.00000,0,"7,27%"
351,BRGE12,609,836.0,37.0,12076.0,"0,00%",58,95.0,-103,-68.0,299,300,"-1.172,58%","227,65%",110,"-7,21%","4,38%",37.13900,1.224.080.00000,0,"4,52%"
352,SANB4,1494,851.0,150.0,0.0,"9,83%",0,0.0,0,0.0,0,0,"0,00%","0,00%",0,"0,00%","17,66%",2.637.81000,74.512.200.00000,0,"-9,13%"
353,BRIV4,702,884.0,41.0,0.0,"9,72%",0,0.0,0,0.0,0,0,"0,00%","0,00%",0,"0,00%","4,66%",55.23320,1.510.290.00000,0,"23,11%"
354,CRIV4,634,932.0,67.0,0.0,"7,67%",0,0.0,0,0.0,0,0,"0,00%","0,00%",0,"0,00%","7,22%",15.77310,969.432.00000,0,"-3,02%"
355,BBDC3,1916,965.0,126.0,0.0,"8,19%",0,0.0,0,0.0,0,0,"0,00%","0,00%",0,"0,00%","13,03%",96.991.30000,135.134.000.00000,0,"20,12%"
356,BRIV3,796,1002.0,47.0,0.0,"0,00%",0,0.0,0,0.0,0,0,"0,00%","0,00%",0,"0,00%","4,66%",29.49750,1.510.290.00000,0,"23,11%"
357,RPAD6,539,1019.0,45.0,2.07471,"0,01%",440,-12919.0,-10682,-11746.0,-10489,-10489,"-1.942,27%","20.369,10%",73,"-0,42%","4,37%",6.71853,1.024.660.00000,0,"2,78%"
358,RPAD3,550,1039.0,45.0,2.11705,"0,01%",449,-13183.0,-10900,-11985.0,-10707,-10707,"-1.942,27%","20.369,10%",73,"-0,42%","4,37%",20.41600,1.024.660.00000,0,"2,78%"
359,BRGE8,760,1043.0,46.0,15071.0,"3,87%",72,118.0,-129,-85.0,273,274,"-1.172,58%","227,65%",110,"-7,21%","4,38%",20.47770,1.224.080.00000,0,"4,52%"
360,BBDC4,2073,1044.0,136.0,0.0,"8,33%",0,0.0,0,0.0,0,0,"0,00%","0,00%",0,"0,00%","13,03%",984.522.00000,135.134.000.00000,0,"20,12%"
361,BGIP3,4799,1082.0,149.0,0.0,"1,48%",0,0.0,0,0.0,0,0,"0,00%","0,00%",0,"0,00%","13,79%",22.68870,491.540.00000,0,"12,76%"
362,ITUB3,2277,1121.0,177.0,0.0,"5,61%",0,0.0,0,0.0,0,0,"0,00%","0,00%",0,"0,00%","15,76%",13.187.90000,126.416.000.00000,0,"-22,41%"
363,ITSA4,961,1155.0,153.0,16159.0,"5,72%",1228,2060.0,45666,-2587.0,46321,9489,"3,54%","144,26%",236,"0,29%","13,24%",299.149.00000,52.896.000.00000,9,"1,42%"
364,ITUB4,2379,1171.0,185.0,0.0,"5,37%",0,0.0,0,0.0,0,0,"0,00%","0,00%",0,"0,00%","15,76%",929.916.00000,126.416.000.00000,0,"-22,41%"
365,BRGE3,900,1235.0,54.0,17847.0,"0,00%",85,140.0,-152,-101.0,250,251,"-1.172,58%","227,65%",110,"-7,21%","4,38%",33.98410,1.224.080.00000,0,"4,52%"
366,ITSA3,1073,1289.0,171.0,18042.0,"5,12%",1371,2300.0,50988,-2889.0,51643,10580,"3,54%","144,26%",236,"0,29%","13,24%",2.920.84000,52.896.000.00000,9,"1,42%"
367,BRGE11,1050,1441.0,63.0,20821.0,"3,36%",99,163.0,-178,-118.0,224,225,"-1.172,58%","227,65%",110,"-7,21%","4,38%",5.83649,1.224.080.00000,0,"4,52%"
368,BSLI3,18900,1498.0,369.0,0.0,"2,76%",0,0.0,0,0.0,0,0,"0,00%","0,00%",0,"0,00%","24,62%",2.74067,1.860.250.00000,0,"22,11%"
369,RPAD5,860,1625.0,71.0,3.3103,"6,12%",702,-20613.0,-17043,-18741.0,-16850,-16850,"-1.942,27%","20.369,10%",73,"-0,42%","4,37%",8.30670,1.024.660.00000,0,"2,78%"
370,BPAN4,845,1652.0,199.0,0.0,"1,98%",0,0.0,0,0.0,0,0,"0,00%","0,00%",0,"0,00%","12,06%",34.260.40000,5.112.740.00000,0,"14,97%"
371,BPAC5,1772,1966.0,188.0,0.0,"2,24%",0,0.0,0,0.0,0,0,"0,00%","0,00%",0,"0,00%","9,56%",296.02800,25.573.200.00000,0,"68,38%"
372,MERC4,1220,2017.0,89.0,0.0,"4,05%",0,0.0,0,0.0,0,0,"0,00%","0,00%",0,"0,00%","4,41%",75.17960,246.977.00000,0,"-15,54%"
373,BRGE5,1700,2334.0,102.0,33711.0,"0,00%",161,264.0,-287,-191.0,114,115,"-1.172,58%","227,65%",110,"-7,21%","4,38%",64254,1.224.080.00000,0,"4,52%"
374,BPAC11,8065,2983.0,285.0,0.0,"1,48%",0,0.0,0,0.0,0,0,"0,00%","0,00%",0,"0,00%","9,56%",323.886.00000,25.573.200.00000,0,"68,38%"
375,MERC3,2101,3474.0,153.0,0.0,"0,00%",0,0.0,0,0.0,0,0,"0,00%","0,00%",0,"0,00%","4,41%",6.80667,246.977.00000,0,"-15,54%"
376,BMIN4,1894,4432.0,74.0,0.0,"7,39%",0,0.0,0,0.0,0,0,"0,00%","0,00%",0,"0,00%","1,67%",28.82420,123.747.00000,0,"-19,66%"
377,BMIN3,2025,4738.0,79.0,0.0,"0,00%",0,0.0,0,0.0,0,0,"0,00%","0,00%",0,"0,00%","1,67%",96.64930,123.747.00000,0,"-19,66%"
378,BPAC3,4900,5437.0,520.0,0.0,"0,81%",0,0.0,0,0.0,0,0,"0,00%","0,00%",0,"0,00%","9,56%",509.86400,25.573.200.00000,0,"68,38%"
379,BRGE6,4499,6176.0,271.0,89214.0,"1,57%",425,699.0,-761,-505.0,-359,-360,"-1.172,58%","227,65%",110,"-7,21%","4,38%",2.33193,1.224.080.00000,0,"4,52%"
380,BIDI3,1914,55670.0,640.0,0.0,"0,49%",0,0.0,0,0.0,0,0,"0,00%","0,00%",0,"0,00%","1,15%",5.296.19000,2.115.160.00000,0,"15,58%"
381,BIDI11,6041,58569.0,673.0,0.0,"0,46%",0,0.0,0,0.0,0,0,"0,00%","0,00%",0,"0,00%","1,15%",35.568.50000,2.115.160.00000,0,"15,58%"
382,BIDI4,2071,60236.0,692.0,0.0,"0,45%",0,0.0,0,0.0,0,0,"0,00%","0,00%",0,"0,00%","1,15%",35.257.60000,2.115.160.00000,0,"15,58%"
383,CIEL3,474,1851.0,141.0,1195.0,"1,64%",176,202.0,1137,-347.0,1310,652,"10,51%","6,45%",112,"7,75%","7,61%",301.258.00000,9.145.920.00000,95,"-5,18%"
384,B3SA3,6050,3695.0,488.0,16412.0,"2,39%",2819,2914.0,2927,-3565.0,2755,2222,"56,08%","44,39%",139,"14,19%","13,20%",694.589.00000,25.545.600.00000,26,"35,69%"
385,APER3,2812,-9181.0,184.0,3417.0,"0,19%",1238,511.0,-10274,1901.0,-7859,8138,"-3,33%","-3,72%",263,"-1,76%","-2,00%",2.095.69000,175.788.00000,0,"-12,22%"
386,PEAB3,6000,-3543.0,162.0,7067.0,"6,04%",1221,387.0,-5588,626.0,-4849,-4849,"-12,65%","-20,21%",355,"-2,70%","-4,58%",1.40612,475.574.00000,0,"-16,38%"
387,PEAB4,6000,-3543.0,162.0,7067.0,"6,65%",1221,387.0,-5588,626.0,-4849,-4849,"-12,65%","-20,21%",355,"-2,70%","-4,58%",27907,475.574.00000,0,"-16,38%"
388,BBSE3,2633,0.0,0.0,0.0,"15,71%",0,0.0,0,0.0,0,0,"0,00%","0,00%",0,"0,00%","0,00%",116.474.00000,000,0,"0,00%"
389,CSAB3,5000,0.0,0.0,0.0,"6,21%",0,0.0,0,0.0,0,0,"0,00%","0,00%",0,"0,00%","0,00%",14.66290,000,0,"0,00%"
390,IRBR3,769,0.0,0.0,0.0,"6,15%",0,0.0,0,0.0,0,0,"0,00%","0,00%",0,"0,00%","0,00%",407.450.00000,000,0,"0,00%"
391,WIZS3,1069,887.0,630.0,2507.0,"6,26%",2603,-5898.0,443,-1110.0,412,364,"56,55%","29,05%",88,"77,62%","71,01%",10.228.20000,271.409.00000,0,"16,06%"
392,PSSA3,5603,1144.0,213.0,1003.0,"3,96%",548,245.0,126,2669.0,31,31,"79,49%","8,78%",141,"73,99%","18,64%",48.166.20000,8.496.540.00000,0,"3,40%"
393,SULA4,1316,1219.0,208.0,726.0,"2,98%",546,159.0,1262,-2130.0,214,197,"5,75%","5,95%",193,"9,21%","17,04%",162.72900,7.490.030.00000,29,"8,38%"
394,SULA11,4462,1378.0,235.0,820.0,"2,64%",618,180.0,1426,-2408.0,379,347,"5,75%","5,95%",193,"9,21%","17,04%",151.574.00000,7.490.030.00000,29,"8,38%"
395,SULA3,1814,1681.0,286.0,1000.0,"2,16%",753,219.0,1739,-2937.0,692,635,"5,75%","5,95%",193,"9,21%","17,04%",133.03100,7.490.030.00000,29,"8,38%"
396,GSHP3,4800,-19.0,-19.0,870.0,"0,00%",53,69.0,576,-5.0,9967,8680,"15,12%","-459,20%",147,"1,10%","101,57%",46.27790,-481.154.00000,-370,"-19,49%"
397,BRPR3,926,997.0,64.0,13615.0,"0,92%",459,336.0,2091,-369.0,2323,2323,"65,10%","136,56%",943,"2,52%","6,37%",28.484.50000,7.166.500.00000,25,"-11,78%"
398,IGTA3,3347,2315.0,195.0,8355.0,"1,25%",946,724.0,1638,-326.0,2106,1518,"51,01%","36,39%",244,"7,09%","8,40%",73.080.50000,3.039.080.00000,93,"2,39%"
399,MULT3,2151,2522.0,220.0,10267.0,"1,33%",1228,1873.0,1605,-430.0,1907,1483,"63,98%","40,65%",173,"8,63%","8,71%",126.855.00000,5.884.370.00000,60,"4,13%"
400,AHEB6,2500,3109.0,985.0,2337.0,"0,00%",797,-1205.0,2637,-108.0,2320,2320,"8,86%","7,52%",73,"3,63%","31,69%",30065,21.683.00000,0,"-19,39%"
401,AGRO3,2100,3225.0,118.0,1986.0,"4,05%",674,478.0,878,-477.0,1245,1078,"22,63%","18,67%",196,"8,44%","3,67%",3.911.98000,1.103.450.00000,57,"15,49%"
402,LOGG3,3183,3256.0,110.0,23878.0,"0,67%",808,635.0,3076,-1138.0,3423,3400,"77,62%","75,82%",304,"3,00%","3,38%",15.197.90000,2.957.040.00000,29,"8,98%"
403,AHEB3,2870,3569.0,1131.0,2683.0,"0,00%",915,-1384.0,3028,-124.0,2710,2710,"8,86%","7,52%",73,"3,63%","31,69%",22.08090,21.683.00000,0,"-19,39%"
404,CCPR3,1531,3787.0,133.0,5198.0,"0,32%",472,389.0,1070,-201.0,1437,1150,"48,58%","26,74%",414,"5,13%","3,50%",4.130.65000,1.830.530.00000,85,"3,52%"
405,BRML3,943,4992.0,78.0,7408.0,"0,00%",441,825.0,1118,-136.0,1417,1369,"66,26%","22,40%",289,"4,23%","1,57%",171.775.00000,10.538.200.00000,32,"-3,90%"
406,SCAR3,3936,5606.0,152.0,7273.0,"0,93%",728,770.0,1465,-221.0,2171,1673,"49,64%","13,31%",202,"5,84%","2,70%",420.85400,1.499.310.00000,104,"-3,85%"
407,ALSO3,2660,7220.0,108.0,7419.0,"0,00%",647,450.0,1547,-471.0,1255,861,"47,97%","12,51%",944,"4,78%","1,49%",47.555.20000,6.576.040.00000,0,"24,49%"
408,MOAR3,19500,-3506.0,273.0,2.66623,"3,14%",1591,645.0,-4975,-9618.0,-4467,-4545,"-5.359,38%","-7.771,76%",261,"-5,03%","-7,78%",86.98230,876.077.00000,34,"-29,83%"
409,BAHI3,12204,-1473.0,274.0,3367.0,"0,00%",650,-1034.0,-2989,-107.0,-2819,-3413,"-11,26%","-22,67%",69,"-2,42%","-18,58%",139.27300,98.985.00000,25,"155,25%"
410,HBTS5,2500,-347.0,98.0,9557.0,"0,20%",184,-162.0,-372,-28.0,-573,-586,"-256,93%","-274,76%",56,"-5,01%","-28,16%",106.16800,233.449.00000,55,"-21,45%"
411,GPIV33,556,-347.0,41.0,-2869.0,"0,00%",193,76.0,-138,236.0,44,44,"207,67%","248,15%",1605,"-18,93%","-11,83%",370.30500,1.485.140.00000,0,"-10,62%"
412,JBDU3,255,-295.0,19.0,0.0,"0,00%",67,0.0,-376,0.0,-511,-511,"0,00%","0,00%",0,"0,00%","-6,42%",22.08340,67.653.00000,0,"0,00%"
413,JBDU4,137,-158.0,10.0,0.0,"0,00%",36,0.0,-202,0.0,-337,-337,"0,00%","0,00%",0,"0,00%","-6,42%",78.13970,67.653.00000,0,"0,00%"
414,BTTL3,805,617.0,1220.0,622.0,"0,00%",878,-2910.0,814,-160.0,1050,1050,"7,64%","10,09%",93,"12,61%","197,68%",111.57800,9.807.00000,427,"-2,65%"
415,BRAP3,4001,4379.0,127.0,0.0,"1,82%",1213,0.0,-77412,0.0,-77579,-77579,"0,00%","0,00%",0,"0,00%","2,90%",666.01600,10.969.800.00000,0,"0,00%"
416,BRAP4,4477,4900.0,142.0,0.0,"1,79%",1357,0.0,-86622,0.0,-86789,-86789,"0,00%","0,00%",0,"0,00%","2,90%",103.539.00000,10.969.800.00000,0,"0,00%"
417,UGPA3,1960,9372.0,240.0,260.0,"1,22%",641,238.0,1366,-245.0,2152,1233,"1,90%","0,31%",241,"6,51%","2,56%",122.956.00000,9.116.420.00000,214,"3,02%"
418,MAPT4,4700,-23475.0,-764.0,0.0,"0,00%",55877,0.0,-26662,0.0,-26662,-26662,"0,00%","0,00%",0,"0,00%","3,25%",32.80480,-5.657.00000,0,"0,00%"
419,TELB3,16198,-17371.0,684.0,44585.0,"0,00%",2573,1121.0,-4061,-767.0,-3846,-13111,"-109,80%","-25,67%",488,"-8,13%","-3,94%",383.64100,1.606.030.00000,18,"27,57%"
420,TELB4,3835,-4113.0,162.0,10556.0,"0,00%",609,265.0,-961,-182.0,-747,-2547,"-109,80%","-25,67%",488,"-8,13%","-3,94%",2.801.66000,1.606.030.00000,18,"27,57%"
421,TESA3,1736,-302.0,49.0,320.0,"0,00%",154,-1467.0,216,-38.0,767,561,"14,80%","-10,59%",96,"8,14%","-16,16%",1.047.14000,769.534.00000,125,"9,81%"
422,FRTA3,470,1412.0,-14.0,892.0,"0,00%",267,-12.0,-370,-10.0,-2858,-4142,"-24,12%","6,32%",7,"-8,49%","-0,99%",30.28700,-67.585.00000,-95,"-36,82%"
423,SLCE3,2473,1413.0,165.0,1395.0,"3,19%",615,351.0,822,-447.0,1096,915,"16,96%","10,19%",161,"8,87%","11,66%",28.594.40000,2.859.830.00000,86,"21,03%"
